learning_rate,batch_size,dropout_rate,train_losses,train_accuracies,test_accuracies,final_acc,tpr,fpr,recall
0.0001,16,0.1,"[0.41000926397680265, 0.287202753914081, 0.20636317252628203, 0.1407785888730995, 0.11959195680976883, 0.07978704103488263, 0.05296496374275141, 0.04706476592587504, 0.0269328421087769, 0.017503148252220175, 0.01205035729288328, 0.00944872074495486, 0.010871587597530305, 0.00784998500144215, 0.005137297166587134, 0.0035338632482278154, 0.0035940163132802743, 0.003054249901097359, 0.002998902535868612, 0.0027699054607826217, 0.0022596380319370606, 0.0022468068487412197, 0.0016947728354574703, 0.001185915063937929, 0.0032125771400609575]","[0.8154471544715447, 0.8788617886178862, 0.9154471544715447, 0.9528455284552846, 0.9609756097560975, 0.9772357723577236, 0.9845528455284552, 0.991869918699187, 0.9959349593495935, 1.0, 0.9991869918699187, 1.0, 0.9991869918699187, 1.0, 1.0, 1.0, 1.0, 1.0, 1.0, 1.0, 1.0, 1.0, 1.0, 1.0, 0.9991869918699187]","[0.8668831168831169, 0.8863636363636364, 0.9188311688311688, 0.9448051948051948, 0.9448051948051948, 0.9545454545454546, 0.9642857142857143, 0.9577922077922078, 0.9577922077922078, 0.9707792207792207, 0.974025974025974, 0.974025974025974, 0.9707792207792207, 0.974025974025974, 0.974025974025974, 0.9675324675324676, 0.9772727272727273, 0.9707792207792207, 0.9772727272727273, 0.9772727272727273, 0.974025974025974, 0.9772727272727273, 0.974025974025974, 0.9772727272727273, 0.974025974025974]",0.974025974025974,[0.98684211],[0.0625],[0.98684211]
0.0001,16,0.2,"[0.4217098494855369, 0.2958694007338547, 0.21313195210404512, 0.15380384762112687, 0.1099007312905013, 0.10650200053625475, 0.05705452313631531, 0.03305501648929061, 0.026900145132851796, 0.021420294446189227, 0.015102351790036612, 0.011010598079339276, 0.008341664371906015, 0.0064076301757231115, 0.0068289600634508256, 0.0040706382034634185, 0.003698862277395357, 0.003145919312775983, 0.0029993008511761824, 0.002785367470582932, 0.0025100502628469614, 0.0018057587079522085, 0.0017061799757534684, 0.0012057936797675683, 0.0010581026667713877]","[0.802439024390244, 0.8682926829268293, 0.9195121951219513, 0.9414634146341463, 0.9642276422764228, 0.9609756097560975, 0.9869918699186991, 0.9943089430894309, 0.9983739837398374, 0.9983739837398374, 0.9991869918699187, 1.0, 1.0, 0.9991869918699187, 0.9991869918699187, 1.0, 1.0, 1.0, 1.0, 1.0, 1.0, 1.0, 1.0, 1.0, 1.0]","[0.8344155844155844, 0.8766233766233766, 0.9188311688311688, 0.9318181818181818, 0.8831168831168831, 0.9448051948051948, 0.935064935064935, 0.9512987012987013, 0.961038961038961, 0.9512987012987013, 0.9577922077922078, 0.9512987012987013, 0.9512987012987013, 0.9577922077922078, 0.9545454545454546, 0.961038961038961, 0.9545454545454546, 0.9577922077922078, 0.9577922077922078, 0.9642857142857143, 0.9642857142857143, 0.9642857142857143, 0.961038961038961, 0.961038961038961, 0.9642857142857143]",0.9642857142857143,[0.98684211],[0.1],[0.98684211]
0.0001,16,0.3,"[0.417391154339643, 0.27635730572832307, 0.20557050423893503, 0.15853720234661567, 0.1165455261381661, 0.09377606963602508, 0.07303516497699226, 0.05200409823195721, 0.03135347027422451, 0.02197409147108958, 0.019963749561731407, 0.012053512418415489, 0.010755811876246357, 0.008236256950322872, 0.00596736303068758, 0.006967064526454523, 0.00441387974414823, 0.003701100007789891, 0.0030557621792867418, 0.0023997416015623546, 0.0023195150720970175, 0.0020804506751171095, 0.002145515821355478, 0.0015335915417115135, 0.0016068330860878454]","[0.7943089430894309, 0.8821138211382114, 0.9219512195121952, 0.9357723577235773, 0.9626016260162602, 0.975609756097561, 0.9796747967479674, 0.9878048780487805, 0.9951219512195122, 0.9975609756097561, 0.9975609756097561, 0.9991869918699187, 0.9991869918699187, 1.0, 1.0, 1.0, 1.0, 1.0, 1.0, 1.0, 1.0, 1.0, 1.0, 1.0, 1.0]","[0.8668831168831169, 0.8961038961038961, 0.9285714285714286, 0.9383116883116883, 0.9512987012987013, 0.9545454545454546, 0.9577922077922078, 0.9642857142857143, 0.961038961038961, 0.948051948051948, 0.9675324675324676, 0.9642857142857143, 0.9675324675324676, 0.9675324675324676, 0.9642857142857143, 0.9577922077922078, 0.9675324675324676, 0.9675324675324676, 0.9675324675324676, 0.9707792207792207, 0.9675324675324676, 0.9675324675324676, 0.9675324675324676, 0.9642857142857143, 0.9707792207792207]",0.9707792207792207,[1.],[0.1125],[1.]
0.0001,16,0.4,"[0.4587392397043182, 0.3113618874937538, 0.24705402012762984, 0.18550948035426257, 0.1461618348592665, 0.10453941125453003, 0.08304089007338858, 0.05452103742012163, 0.03594684396241981, 0.031382500592286026, 0.02024879543701323, 0.014805626174117006, 0.013362904600193345, 0.009820360490461675, 0.008635861597712931, 0.006725574000852137, 0.006063591312935076, 0.0044363420322249695, 0.004194546181981156, 0.004324917987223745, 0.0032904349776681483, 0.00204846607502247, 0.0020540636791885505, 0.0016170475963215396, 0.002269787579865717]","[0.7894308943089431, 0.8617886178861789, 0.9105691056910569, 0.9235772357723577, 0.9463414634146341, 0.9642276422764228, 0.9780487804878049, 0.9886178861788618, 0.9959349593495935, 0.9934959349593496, 0.9991869918699187, 0.9991869918699187, 1.0, 1.0, 1.0, 1.0, 0.9983739837398374, 1.0, 1.0, 1.0, 1.0, 1.0, 1.0, 1.0, 1.0]","[0.8409090909090909, 0.8376623376623377, 0.8928571428571429, 0.9383116883116883, 0.9318181818181818, 0.9285714285714286, 0.922077922077922, 0.9415584415584416, 0.9512987012987013, 0.9642857142857143, 0.961038961038961, 0.9577922077922078, 0.9675324675324676, 0.9675324675324676, 0.961038961038961, 0.961038961038961, 0.9707792207792207, 0.9675324675324676, 0.9707792207792207, 0.9642857142857143, 0.9675324675324676, 0.9675324675324676, 0.9642857142857143, 0.9642857142857143, 0.9642857142857143]",0.9642857142857143,[0.99561404],[0.125],[0.99561404]
0.0001,32,0.1,"[0.4534130687393793, 0.3274711866204332, 0.23702209160579898, 0.1920760017584979, 0.13276780131386548, 0.10570481196651614, 0.082243314288496, 0.05890505083087014, 0.0526625005997778, 0.03700893954108886, 0.03474321445919634, 0.019218570902580168, 0.014332646919732414, 0.010544575223835503, 0.010134683049670079, 0.006889644209522663, 0.005723502177260513, 0.005442605081309632, 0.0051389185757171815, 0.004215016405332864, 0.003976652046620119, 0.0035630680348088103, 0.002641772027922476, 0.002528265256404392, 0.002408741122278256]","[0.7886178861788617, 0.8569105691056911, 0.9097560975609756, 0.9276422764227642, 0.9577235772357724, 0.9658536585365853, 0.9796747967479674, 0.9861788617886179, 0.9878048780487805, 0.9943089430894309, 0.9943089430894309, 1.0, 1.0, 1.0, 1.0, 1.0, 1.0, 1.0, 1.0, 1.0, 1.0, 1.0, 1.0, 1.0, 1.0]","[0.7987012987012987, 0.8701298701298701, 0.8993506493506493, 0.935064935064935, 0.9253246753246753, 0.935064935064935, 0.9448051948051948, 0.9383116883116883, 0.9188311688311688, 0.9512987012987013, 0.961038961038961, 0.9577922077922078, 0.9642857142857143, 0.9642857142857143, 0.9675324675324676, 0.961038961038961, 0.9642857142857143, 0.9642857142857143, 0.9642857142857143, 0.9642857142857143, 0.961038961038961, 0.9675324675324676, 0.9642857142857143, 0.9642857142857143, 0.9675324675324676]",0.9675324675324676,[0.99122807],[0.1],[0.99122807]
0.0001,32,0.2,"[0.4282786369081435, 0.2978993747777086, 0.238493832618725, 0.18303517801005667, 0.1559216642888581, 0.12012853084540949, 0.09610491656675571, 0.07192411919434866, 0.051099940092583014, 0.04510569302289467, 0.031224236074017316, 0.026286529480078355, 0.02224296050645956, 0.016997825390303402, 0.02023586240801506, 0.012907348567150473, 0.008917349377435034, 0.007412887731097578, 0.006291564957170588, 0.004544653238660497, 0.004935862467722679, 0.003366359549657843, 0.0028697790123704, 0.0028277281092525257, 0.003095120200092291]","[0.8032520325203252, 0.8699186991869918, 0.9016260162601626, 0.9333333333333333, 0.9471544715447154, 0.9617886178861789, 0.9739837398373984, 0.9869918699186991, 0.989430894308943, 0.9926829268292683, 0.9983739837398374, 0.9959349593495935, 0.9983739837398374, 0.9991869918699187, 0.9967479674796748, 1.0, 1.0, 1.0, 0.9991869918699187, 1.0, 1.0, 1.0, 1.0, 1.0, 1.0]","[0.8409090909090909, 0.8733766233766234, 0.9058441558441559, 0.9123376623376623, 0.9318181818181818, 0.9383116883116883, 0.9448051948051948, 0.9415584415584416, 0.9545454545454546, 0.948051948051948, 0.9512987012987013, 0.9512987012987013, 0.9545454545454546, 0.9545454545454546, 0.9512987012987013, 0.9577922077922078, 0.9512987012987013, 0.9545454545454546, 0.9577922077922078, 0.9512987012987013, 0.9545454545454546, 0.9512987012987013, 0.9512987012987013, 0.9512987012987013, 0.9545454545454546]",0.9545454545454546,[0.98245614],[0.125],[0.98245614]
0.0001,32,0.3,"[0.44844571264778693, 0.3156908249467369, 0.2649011773064854, 0.20169965212907248, 0.16731567281048473, 0.12765413602677786, 0.10768357942986294, 0.08984635649173241, 0.0716368841446512, 0.06784031462015175, 0.047490728728291465, 0.03898766223734956, 0.029156538147509584, 0.022367444814644692, 0.01713619355142601, 0.014945319485737057, 0.011801433663936408, 0.010960156929383917, 0.008278847537268468, 0.007482379995952777, 0.0066668940321883054, 0.005094498663201807, 0.0044609754581034665, 0.0051754617298824515, 0.0038187218114461114]","[0.7926829268292683, 0.8666666666666667, 0.8886178861788618, 0.926829268292683, 0.9357723577235773, 0.9577235772357724, 0.9642276422764228, 0.973170731707317, 0.9780487804878049, 0.9829268292682927, 0.9902439024390244, 0.9910569105691057, 0.9959349593495935, 0.9975609756097561, 1.0, 0.9983739837398374, 0.9991869918699187, 1.0, 1.0, 1.0, 0.9991869918699187, 1.0, 1.0, 1.0, 1.0]","[0.814935064935065, 0.8766233766233766, 0.9123376623376623, 0.922077922077922, 0.922077922077922, 0.935064935064935, 0.922077922077922, 0.948051948051948, 0.9090909090909091, 0.9577922077922078, 0.9577922077922078, 0.9577922077922078, 0.9577922077922078, 0.9577922077922078, 0.961038961038961, 0.9512987012987013, 0.9577922077922078, 0.948051948051948, 0.961038961038961, 0.961038961038961, 0.961038961038961, 0.961038961038961, 0.9577922077922078, 0.9577922077922078, 0.9577922077922078]",0.9577922077922078,[0.98684211],[0.125],[0.98684211]
0.0001,32,0.4,"[0.471199128734387, 0.3501482897657689, 0.2664642552050149, 0.2323312465252915, 0.18143899464994911, 0.15763836258310612, 0.11614125031765883, 0.10402909187766594, 0.08426486222240014, 0.06298687534361351, 0.049777372859842406, 0.040423301807264, 0.035491279111342214, 0.023775287899302274, 0.018728715378215643, 0.01631687201741265, 0.015670929953637648, 0.010714629301574172, 0.009205348070377742, 0.008520928904701902, 0.009784864888685506, 0.005868835136960677, 0.005139012843733881, 0.007138888716765838, 0.0044519723661819366]","[0.7747967479674797, 0.8365853658536585, 0.8975609756097561, 0.9040650406504065, 0.9341463414634147, 0.9422764227642276, 0.9617886178861789, 0.9682926829268292, 0.9772357723577236, 0.9829268292682927, 0.9878048780487805, 0.9943089430894309, 0.9943089430894309, 0.9991869918699187, 1.0, 1.0, 0.9975609756097561, 0.9991869918699187, 1.0, 1.0, 1.0, 1.0, 1.0, 0.9991869918699187, 1.0]","[0.8246753246753247, 0.8506493506493507, 0.9025974025974026, 0.9090909090909091, 0.9188311688311688, 0.922077922077922, 0.9383116883116883, 0.9285714285714286, 0.9545454545454546, 0.9545454545454546, 0.9058441558441559, 0.9448051948051948, 0.9545454545454546, 0.9545454545454546, 0.9545454545454546, 0.948051948051948, 0.9545454545454546, 0.9577922077922078, 0.9545454545454546, 0.9448051948051948, 0.9545454545454546, 0.948051948051948, 0.948051948051948, 0.961038961038961, 0.948051948051948]",0.948051948051948,[0.95614035],[0.075],[0.95614035]
0.0001,64,0.1,"[0.5193302993851948, 0.3641622884486749, 0.3169526795061623, 0.27212650000564453, 0.23399855676220685, 0.19999350171263625, 0.1777892878748537, 0.14364127446480882, 0.12041929290304339, 0.09862383280585452, 0.08401826057976823, 0.07303688269320542, 0.07008504108866541, 0.04914097084201933, 0.043646872746266004, 0.03914560881572041, 0.03124010230346424, 0.024798996261949462, 0.02231815153566318, 0.020226709974732825, 0.018163259202856722, 0.014251641798915901, 0.010831626227534398, 0.011283114013390813, 0.009452018904976729]","[0.7585365853658537, 0.832520325203252, 0.8691056910569106, 0.8902439024390244, 0.8934959349593496, 0.9284552845528455, 0.9373983739837398, 0.9577235772357724, 0.9682926829268292, 0.9747967479674797, 0.9796747967479674, 0.9829268292682927, 0.9804878048780488, 0.9926829268292683, 0.9926829268292683, 0.9943089430894309, 0.9951219512195122, 0.9983739837398374, 0.9967479674796748, 0.9983739837398374, 0.9991869918699187, 0.9991869918699187, 1.0, 0.9991869918699187, 0.9991869918699187]","[0.7402597402597403, 0.8441558441558441, 0.8571428571428571, 0.8733766233766234, 0.8863636363636364, 0.9090909090909091, 0.8961038961038961, 0.935064935064935, 0.9383116883116883, 0.9545454545454546, 0.9415584415584416, 0.9545454545454546, 0.9383116883116883, 0.9383116883116883, 0.9545454545454546, 0.948051948051948, 0.9512987012987013, 0.9545454545454546, 0.9512987012987013, 0.948051948051948, 0.9512987012987013, 0.961038961038961, 0.9642857142857143, 0.961038961038961, 0.9512987012987013]",0.9512987012987013,[0.99122807],[0.1625],[0.99122807]
0.0001,64,0.2,"[0.48299029503411395, 0.359014392771372, 0.29494693981922737, 0.237695377047469, 0.19968441152960303, 0.16398838518596276, 0.14947912770558178, 0.1321212994616206, 0.10957103980992867, 0.0798799059739927, 0.07092219815869641, 0.052221060774432934, 0.04524374427349587, 0.042176347637806484, 0.03917130740677438, 0.026721972937324666, 0.027498935992882504, 0.022837737544886466, 0.016314119309550377, 0.014363025737608351, 0.013907843045284593, 0.011553446824351946, 0.010165325085806653, 0.010439259334792936, 0.007253856881998661]","[0.7577235772357723, 0.8544715447154472, 0.8764227642276423, 0.9105691056910569, 0.9227642276422764, 0.9455284552845529, 0.9422764227642276, 0.9495934959349593, 0.9642276422764228, 0.9788617886178862, 0.983739837398374, 0.991869918699187, 0.991869918699187, 0.9951219512195122, 0.9967479674796748, 1.0, 0.9975609756097561, 0.9983739837398374, 1.0, 1.0, 0.9983739837398374, 1.0, 1.0, 1.0, 1.0]","[0.7402597402597403, 0.8474025974025974, 0.8798701298701299, 0.8506493506493507, 0.9090909090909091, 0.9188311688311688, 0.935064935064935, 0.922077922077922, 0.9415584415584416, 0.9448051948051948, 0.9318181818181818, 0.9415584415584416, 0.935064935064935, 0.948051948051948, 0.9512987012987013, 0.9415584415584416, 0.9577922077922078, 0.9512987012987013, 0.9415584415584416, 0.9545454545454546, 0.9545454545454546, 0.9448051948051948, 0.9577922077922078, 0.9415584415584416, 0.9448051948051948]",0.9448051948051948,[0.96929825],[0.125],[0.96929825]
0.0001,64,0.3,"[0.48777141658271234, 0.3562656645367785, 0.3009035225321607, 0.2485800799315538, 0.22482773453239502, 0.2020720955559878, 0.18309016273758275, 0.13604497051820522, 0.11540721032193037, 0.10744850345682808, 0.08403482633392985, 0.07583795160782046, 0.06396910734777528, 0.061530003690622684, 0.04982954326683913, 0.040373821341531065, 0.031247786323471766, 0.02634276335195797, 0.023137824946060412, 0.01900579678576167, 0.018222359742787554, 0.013911079906108903, 0.01511731833196813, 0.012293907942447236, 0.009580549557231427]","[0.7520325203252033, 0.8382113821138212, 0.8707317073170732, 0.9032520325203252, 0.9073170731707317, 0.9211382113821138, 0.9382113821138212, 0.9528455284552846, 0.9650406504065041, 0.9682926829268292, 0.9788617886178862, 0.9821138211382113, 0.9861788617886179, 0.9853658536585366, 0.9951219512195122, 0.9943089430894309, 0.9959349593495935, 0.9983739837398374, 0.9983739837398374, 1.0, 1.0, 1.0, 0.9991869918699187, 1.0, 1.0]","[0.7402597402597403, 0.8214285714285714, 0.8538961038961039, 0.8701298701298701, 0.8896103896103896, 0.9025974025974026, 0.922077922077922, 0.935064935064935, 0.9285714285714286, 0.9253246753246753, 0.9512987012987013, 0.9448051948051948, 0.9285714285714286, 0.9512987012987013, 0.9448051948051948, 0.9642857142857143, 0.9577922077922078, 0.961038961038961, 0.9675324675324676, 0.961038961038961, 0.961038961038961, 0.9642857142857143, 0.961038961038961, 0.961038961038961, 0.9642857142857143]",0.9642857142857143,[0.98684211],[0.1],[0.98684211]
0.0001,64,0.4,"[0.5176839021647849, 0.3965318347865004, 0.3202582569626289, 0.28423201461148456, 0.2398438841952541, 0.20332834706073855, 0.1776788333324882, 0.1528687840009608, 0.13545053579458377, 0.11430994228618901, 0.09908051247276911, 0.08078783004264521, 0.0660764231308689, 0.05823579516594972, 0.06061153984893628, 0.04935034810285258, 0.03351007148138876, 0.029177861766723115, 0.02532548950152184, 0.022914506061896076, 0.02322705109126684, 0.01771908571292472, 0.016367203354593216, 0.012864840604607167, 0.010871186349692384]","[0.748780487804878, 0.8195121951219512, 0.8617886178861789, 0.883739837398374, 0.9065040650406504, 0.9227642276422764, 0.932520325203252, 0.943089430894309, 0.9536585365853658, 0.9634146341463414, 0.9739837398373984, 0.9788617886178862, 0.9861788617886179, 0.989430894308943, 0.983739837398374, 0.9878048780487805, 0.9975609756097561, 0.9967479674796748, 0.9967479674796748, 0.9975609756097561, 0.9975609756097561, 0.9983739837398374, 0.9983739837398374, 0.9983739837398374, 1.0]","[0.801948051948052, 0.8603896103896104, 0.8701298701298701, 0.8766233766233766, 0.9123376623376623, 0.9090909090909091, 0.9025974025974026, 0.9123376623376623, 0.922077922077922, 0.935064935064935, 0.9415584415584416, 0.9415584415584416, 0.9383116883116883, 0.9512987012987013, 0.9545454545454546, 0.9448051948051948, 0.9415584415584416, 0.9512987012987013, 0.9318181818181818, 0.9545454545454546, 0.9545454545454546, 0.9512987012987013, 0.9545454545454546, 0.948051948051948, 0.948051948051948]",0.948051948051948,[0.96929825],[0.1125],[0.96929825]
0.0001,128,0.1,"[0.5076285597754688, 0.4025296479221282, 0.34019914763729747, 0.2961933367620639, 0.2626869744401637, 0.2224535719165957, 0.19714174815794316, 0.17061314775449474, 0.14683075338844362, 0.12596546023841795, 0.10621121215626476, 0.09411658169777412, 0.08250942874730118, 0.07502339368428641, 0.061326517818904504, 0.052541639680058004, 0.045488783741384986, 0.03972054896800498, 0.0345732154763811, 0.02995146810099846, 0.026337328356334833, 0.02195729731423099, 0.020455457173227293, 0.018463926798686747, 0.014639560802559543]","[0.7536585365853659, 0.816260162601626, 0.8585365853658536, 0.875609756097561, 0.8975609756097561, 0.9178861788617886, 0.9260162601626016, 0.9398373983739837, 0.9544715447154472, 0.9617886178861789, 0.9699186991869919, 0.9764227642276423, 0.9813008130081301, 0.9796747967479674, 0.9853658536585366, 0.9910569105691057, 0.9934959349593496, 0.9951219512195122, 0.9975609756097561, 0.9967479674796748, 1.0, 0.9991869918699187, 0.9991869918699187, 1.0, 1.0]","[0.7402597402597403, 0.7402597402597403, 0.7532467532467533, 0.8311688311688312, 0.8506493506493507, 0.8766233766233766, 0.9025974025974026, 0.9123376623376623, 0.922077922077922, 0.922077922077922, 0.9285714285714286, 0.948051948051948, 0.9383116883116883, 0.948051948051948, 0.9285714285714286, 0.9512987012987013, 0.9512987012987013, 0.9545454545454546, 0.948051948051948, 0.9512987012987013, 0.948051948051948, 0.9512987012987013, 0.9545454545454546, 0.9512987012987013, 0.9512987012987013]",0.9512987012987013,[0.98684211],[0.15],[0.98684211]
0.0001,128,0.2,"[0.5225532404775542, 0.4125223945311415, 0.34789324436730484, 0.3138103591232765, 0.27783843080202736, 0.24721580903704574, 0.21324013427990238, 0.1859206633112295, 0.16628276492522015, 0.14162463189625157, 0.12595882677450412, 0.10922504049248812, 0.0934100723242372, 0.0823843302038627, 0.07399006276353588, 0.06775844480569769, 0.0571649790052476, 0.048163423275317606, 0.04086860094855471, 0.03550734377610005, 0.03503340139863937, 0.03663204060337408, 0.030635044317904526, 0.03165159435655043, 0.020853292633120607]","[0.7560975609756098, 0.816260162601626, 0.8398373983739837, 0.8609756097560975, 0.8780487804878049, 0.9016260162601626, 0.9195121951219513, 0.9365853658536586, 0.9439024390243902, 0.9577235772357724, 0.9634146341463414, 0.973170731707317, 0.9796747967479674, 0.9821138211382113, 0.9861788617886179, 0.9829268292682927, 0.9886178861788618, 0.991869918699187, 0.9951219512195122, 0.9959349593495935, 0.9951219512195122, 0.9967479674796748, 0.9983739837398374, 0.9934959349593496, 0.9991869918699187]","[0.7402597402597403, 0.7402597402597403, 0.8246753246753247, 0.827922077922078, 0.8636363636363636, 0.8571428571428571, 0.9058441558441559, 0.9188311688311688, 0.9285714285714286, 0.922077922077922, 0.9415584415584416, 0.9383116883116883, 0.9512987012987013, 0.9512987012987013, 0.948051948051948, 0.9512987012987013, 0.9512987012987013, 0.9577922077922078, 0.9577922077922078, 0.9545454545454546, 0.9545454545454546, 0.9577922077922078, 0.9415584415584416, 0.9577922077922078, 0.961038961038961]",0.961038961038961,[0.98684211],[0.1125],[0.98684211]
0.0001,128,0.3,"[0.5239018831311203, 0.39537043450324516, 0.34049110116997383, 0.3006372550881006, 0.2610606700424256, 0.22724412275039083, 0.20123181687137945, 0.18704820054817975, 0.15579838316615036, 0.13633095729884093, 0.1235735255043681, 0.10786792471156857, 0.09500998930960167, 0.07879907102967665, 0.06981610431055713, 0.05878864374708354, 0.05185108632455027, 0.04872019977225521, 0.04127417536891573, 0.035769155833537014, 0.03298980172693245, 0.02684298498419727, 0.023400472422561994, 0.020992764667039965, 0.01925791513507928]","[0.7495934959349594, 0.832520325203252, 0.8536585365853658, 0.8780487804878049, 0.8902439024390244, 0.9105691056910569, 0.9227642276422764, 0.9276422764227642, 0.9455284552845529, 0.9560975609756097, 0.959349593495935, 0.9691056910569106, 0.9780487804878049, 0.9813008130081301, 0.983739837398374, 0.989430894308943, 0.9902439024390244, 0.9934959349593496, 0.9983739837398374, 0.9983739837398374, 0.9934959349593496, 0.9975609756097561, 0.9983739837398374, 0.9983739837398374, 1.0]","[0.7402597402597403, 0.7402597402597403, 0.7532467532467533, 0.7954545454545454, 0.8668831168831169, 0.8863636363636364, 0.9123376623376623, 0.9155844155844156, 0.9188311688311688, 0.9253246753246753, 0.9415584415584416, 0.935064935064935, 0.935064935064935, 0.9448051948051948, 0.9415584415584416, 0.9545454545454546, 0.9383116883116883, 0.9545454545454546, 0.9577922077922078, 0.9577922077922078, 0.961038961038961, 0.9577922077922078, 0.9545454545454546, 0.961038961038961, 0.9545454545454546]",0.9545454545454546,[0.97368421],[0.1],[0.97368421]
0.0001,128,0.4,"[0.5178785347841619, 0.4056393602030064, 0.33742549816767375, 0.29531334086162286, 0.27238644705555304, 0.2262737015398537, 0.20670046239364437, 0.19730436264014825, 0.16380017517301126, 0.15209803704808397, 0.13028289518220637, 0.1152443249656902, 0.10634545359185071, 0.09023612298495401, 0.08272655575982923, 0.07574481788447232, 0.06297560979922613, 0.05854342405388995, 0.048957397909910695, 0.04272350943306597, 0.03587526897104775, 0.034483930520047015, 0.028494770113166756, 0.030175451425517478, 0.02627325467765331]","[0.751219512195122, 0.8130081300813008, 0.8544715447154472, 0.8845528455284553, 0.8878048780487805, 0.9089430894308943, 0.9178861788617886, 0.9300813008130081, 0.9463414634146341, 0.9544715447154472, 0.9609756097560975, 0.9634146341463414, 0.9658536585365853, 0.975609756097561, 0.9796747967479674, 0.9821138211382113, 0.9861788617886179, 0.989430894308943, 0.9943089430894309, 0.9934959349593496, 0.9975609756097561, 0.9943089430894309, 0.9983739837398374, 0.9975609756097561, 0.9983739837398374]","[0.7402597402597403, 0.7402597402597403, 0.7662337662337663, 0.7857142857142857, 0.8538961038961039, 0.8961038961038961, 0.9025974025974026, 0.8766233766233766, 0.9253246753246753, 0.9188311688311688, 0.9123376623376623, 0.9285714285714286, 0.9285714285714286, 0.9448051948051948, 0.9383116883116883, 0.948051948051948, 0.948051948051948, 0.9448051948051948, 0.948051948051948, 0.948051948051948, 0.9415584415584416, 0.9448051948051948, 0.9415584415584416, 0.9512987012987013, 0.9545454545454546]",0.9545454545454546,[0.98245614],[0.125],[0.98245614]
0.0005,16,0.1,"[0.37482757139496686, 0.21735184047280287, 0.12267110739660457, 0.0809980111090633, 0.054947544700973405, 0.03603594127012705, 0.006847625244617068, 0.003260691986236829, 0.0018803104443089445, 0.000930502577173728, 0.0006850759846364655, 0.0007354478915392353, 0.0004686724544101493, 0.0004857383989629608, 0.00039480970393983663, 0.0003667504370981085, 0.0003020073641048994, 0.00025458782241675944, 0.00021387112549457857, 0.00023138064324876626, 0.00024716090352976756, 0.00047501106888464675, 0.00023994618842869948, 0.0001817999833440446, 0.00015984668408954]","[0.8390243902439024, 0.9097560975609756, 0.9528455284552846, 0.9650406504065041, 0.9788617886178862, 0.989430894308943, 1.0, 1.0, 1.0, 1.0, 1.0, 1.0, 1.0, 1.0, 1.0, 1.0, 1.0, 1.0, 1.0, 1.0, 1.0, 1.0, 1.0, 1.0, 1.0]","[0.8636363636363636, 0.8311688311688312, 0.9512987012987013, 0.9448051948051948, 0.9577922077922078, 0.9577922077922078, 0.9675324675324676, 0.9675324675324676, 0.9642857142857143, 0.9675324675324676, 0.9707792207792207, 0.9675324675324676, 0.9642857142857143, 0.9675324675324676, 0.9707792207792207, 0.961038961038961, 0.961038961038961, 0.9707792207792207, 0.9707792207792207, 0.9675324675324676, 0.9707792207792207, 0.961038961038961, 0.9675324675324676, 0.9642857142857143, 0.9675324675324676]",0.9675324675324676,[0.99122807],[0.1],[0.99122807]
0.0005,16,0.2,"[0.40931398064140384, 0.2659277797229891, 0.17324910317736913, 0.14209136586727167, 0.08460693131920283, 0.05965225640078628, 0.028294962338679206, 0.014448097642753425, 0.004121112815536013, 0.005391595122211317, 0.0029280471983668586, 0.0020393086614359807, 0.0019775383787285737, 0.0023382730684309394, 0.0011544660298339266, 0.013294933273407774, 0.11120909414276844, 0.021242045439182067, 0.006590638166990101, 0.005395966514493566, 0.0010407836113041798, 0.0008192246779799462, 0.00042567944622170785, 0.00047845831853091504, 0.0003026421566832644]","[0.7991869918699187, 0.8772357723577235, 0.9243902439024391, 0.9504065040650407, 0.9715447154471545, 0.9788617886178862, 0.9943089430894309, 0.9975609756097561, 1.0, 1.0, 1.0, 1.0, 1.0, 1.0, 1.0, 0.9959349593495935, 0.959349593495935, 0.9926829268292683, 0.9991869918699187, 0.9991869918699187, 1.0, 1.0, 1.0, 1.0, 1.0]","[0.8116883116883117, 0.8961038961038961, 0.935064935064935, 0.8733766233766234, 0.961038961038961, 0.9577922077922078, 0.9285714285714286, 0.9642857142857143, 0.9545454545454546, 0.9577922077922078, 0.9512987012987013, 0.9642857142857143, 0.9577922077922078, 0.9577922077922078, 0.9675324675324676, 0.948051948051948, 0.9383116883116883, 0.9577922077922078, 0.961038961038961, 0.961038961038961, 0.961038961038961, 0.9577922077922078, 0.9642857142857143, 0.9675324675324676, 0.9675324675324676]",0.9675324675324676,[0.98684211],[0.0875],[0.98684211]
0.0005,16,0.3,"[0.4668110805798352, 0.2810395301115222, 0.1892658836957885, 0.12547699560721715, 0.08473524244093314, 0.06812077561711392, 0.04938202133265937, 0.04031579384989128, 0.02872485167430184, 0.019073996122176872, 0.007207016286826352, 0.00753816650665509, 0.0044664488690673385, 0.0049190006640027996, 0.0017756001552268986, 0.0016367423125236045, 0.0014865775698865954, 0.0005984153574412098, 0.0007030589646935214, 0.0022862666141127267, 0.000777144706139589, 0.0005097156938314968, 0.0005819795925628746, 0.0008082710159067027, 0.0007459284393429165]","[0.7910569105691057, 0.8699186991869918, 0.9252032520325203, 0.9601626016260163, 0.9747967479674797, 0.9739837398373984, 0.9804878048780488, 0.9853658536585366, 0.9910569105691057, 0.9951219512195122, 0.9983739837398374, 0.9975609756097561, 0.9983739837398374, 0.9991869918699187, 1.0, 1.0, 1.0, 1.0, 1.0, 1.0, 1.0, 1.0, 1.0, 1.0, 1.0]","[0.8538961038961039, 0.8733766233766234, 0.8344155844155844, 0.9383116883116883, 0.948051948051948, 0.9448051948051948, 0.9512987012987013, 0.9512987012987013, 0.9415584415584416, 0.961038961038961, 0.9642857142857143, 0.9707792207792207, 0.9512987012987013, 0.9577922077922078, 0.9675324675324676, 0.961038961038961, 0.9642857142857143, 0.9707792207792207, 0.961038961038961, 0.9577922077922078, 0.961038961038961, 0.961038961038961, 0.9642857142857143, 0.9675324675324676, 0.961038961038961]",0.961038961038961,[0.98245614],[0.1],[0.98245614]
0.0005,16,0.4,"[0.39057640067445554, 0.214794359325878, 0.13943909415142322, 0.09919019812733178, 0.06762522412691174, 0.036174054889053835, 0.023503193317352213, 0.0214298439056923, 0.01176530149788028, 0.0055638655654828605, 0.00223565140050056, 0.00307460670128495, 0.0020621132770244684, 0.001031863608831025, 0.0005923668570945236, 0.0006159776212918246, 0.00027877973923573225, 0.0006491093894495625, 0.00033875791880309705, 0.00023889269924860324, 0.00018763130640031816, 0.0003983918237533019, 0.00021618993154762887, 0.00022373928962231849, 0.00017823258507026669]","[0.8040650406504065, 0.9130081300813008, 0.9439024390243902, 0.9691056910569106, 0.9764227642276423, 0.9878048780487805, 0.9926829268292683, 0.9934959349593496, 0.9959349593495935, 1.0, 1.0, 0.9991869918699187, 1.0, 1.0, 1.0, 1.0, 1.0, 1.0, 1.0, 1.0, 1.0, 1.0, 1.0, 1.0, 1.0]","[0.8538961038961039, 0.8668831168831169, 0.9383116883116883, 0.9285714285714286, 0.9415584415584416, 0.9577922077922078, 0.948051948051948, 0.9448051948051948, 0.9512987012987013, 0.9545454545454546, 0.9642857142857143, 0.9512987012987013, 0.948051948051948, 0.9545454545454546, 0.9577922077922078, 0.9512987012987013, 0.9545454545454546, 0.9577922077922078, 0.9545454545454546, 0.9545454545454546, 0.9512987012987013, 0.9512987012987013, 0.9545454545454546, 0.9545454545454546, 0.9545454545454546]",0.9545454545454546,[0.97807018],[0.1125],[0.97807018]
0.0005,32,0.1,"[0.4167974666851323, 0.23302346254751935, 0.13412754522348808, 0.0995467021334462, 0.04692805327353923, 0.020840524845733874, 0.01341803400981717, 0.01810771862983825, 0.0045867217250350045, 0.0035661725622669954, 0.006565871567472937, 0.051379224543300704, 0.034665036808729656, 0.017499568949385386, 0.0162412718945463, 0.005623882131393605, 0.001534718319814372, 0.0005578268632885235, 0.00045803906538001286, 0.0004034458287391524, 0.0003411051484082288, 0.0002679431274565452, 0.00023574419707680743, 0.0002783053160095644, 0.00022791614036673938]","[0.8113821138211382, 0.8951219512195122, 0.9536585365853658, 0.9634146341463414, 0.9886178861788618, 0.9975609756097561, 0.9975609756097561, 0.9959349593495935, 1.0, 1.0, 0.9983739837398374, 0.9821138211382113, 0.9869918699186991, 0.9943089430894309, 0.9943089430894309, 0.9991869918699187, 1.0, 1.0, 1.0, 1.0, 1.0, 1.0, 1.0, 1.0, 1.0]","[0.8311688311688312, 0.935064935064935, 0.948051948051948, 0.9415584415584416, 0.9512987012987013, 0.9545454545454546, 0.961038961038961, 0.9512987012987013, 0.9642857142857143, 0.961038961038961, 0.961038961038961, 0.9512987012987013, 0.935064935064935, 0.9577922077922078, 0.948051948051948, 0.9577922077922078, 0.9577922077922078, 0.961038961038961, 0.961038961038961, 0.961038961038961, 0.961038961038961, 0.9577922077922078, 0.9577922077922078, 0.9577922077922078, 0.961038961038961]",0.961038961038961,[0.99122807],[0.125],[0.99122807]
0.0005,32,0.2,"[0.3833552433223259, 0.21820437238226092, 0.15430412249473052, 0.11032848195816443, 0.05334345583720663, 0.04439938950344799, 0.020310136133698913, 0.006941189278462311, 0.005995063488258095, 0.0029467008807279958, 0.0017178877663791058, 0.001698821937529052, 0.004004594480251606, 0.002141549387128978, 0.0010065828325090613, 0.0005999476726477345, 0.0004465010885775801, 0.00041310358599700955, 0.00047943148167725326, 0.0003115278132528642, 0.000303926498901735, 0.00035047486700814185, 0.0002520355271039213, 0.00024992424173174595, 0.000272474997062061]","[0.832520325203252, 0.9138211382113821, 0.9349593495934959, 0.9601626016260163, 0.9813008130081301, 0.9861788617886179, 0.9951219512195122, 1.0, 0.9991869918699187, 1.0, 1.0, 1.0, 1.0, 1.0, 1.0, 1.0, 1.0, 1.0, 1.0, 1.0, 1.0, 1.0, 1.0, 1.0, 1.0]","[0.7467532467532467, 0.9383116883116883, 0.814935064935065, 0.9512987012987013, 0.9415584415584416, 0.9577922077922078, 0.9707792207792207, 0.9675324675324676, 0.9675324675324676, 0.9707792207792207, 0.9707792207792207, 0.9707792207792207, 0.9545454545454546, 0.9577922077922078, 0.9642857142857143, 0.9642857142857143, 0.9642857142857143, 0.9642857142857143, 0.9675324675324676, 0.9675324675324676, 0.9675324675324676, 0.9675324675324676, 0.9675324675324676, 0.9707792207792207, 0.9675324675324676]",0.9675324675324676,[0.99122807],[0.1],[0.99122807]
0.0005,32,0.3,"[0.4459791955182223, 0.28277960371195787, 0.21198589869631015, 0.14295114237603132, 0.11910665980199488, 0.07203477104989493, 0.09580868077956564, 0.03432015923222875, 0.03645950756755059, 0.016533812160444694, 0.008090147380603523, 0.006562611074906175, 0.004637844223771396, 0.0071754883984728466, 0.008579561087431582, 0.029353477490868994, 0.015392907516561388, 0.0034960368049768275, 0.0019624134765112607, 0.001043220190449648, 0.0012874808099510799, 0.0008066111417523703, 0.0009470544644722307, 0.000795287615879878, 0.0005595065684557507]","[0.78130081300813, 0.8788617886178862, 0.908130081300813, 0.9471544715447154, 0.9536585365853658, 0.9780487804878049, 0.9650406504065041, 0.9910569105691057, 0.9910569105691057, 0.9983739837398374, 1.0, 0.9991869918699187, 0.9991869918699187, 0.9975609756097561, 0.9975609756097561, 0.989430894308943, 0.9975609756097561, 1.0, 1.0, 1.0, 1.0, 1.0, 1.0, 1.0, 1.0]","[0.8409090909090909, 0.8928571428571429, 0.8928571428571429, 0.9285714285714286, 0.948051948051948, 0.8376623376623377, 0.9383116883116883, 0.9512987012987013, 0.9383116883116883, 0.9545454545454546, 0.9545454545454546, 0.948051948051948, 0.948051948051948, 0.9545454545454546, 0.935064935064935, 0.9448051948051948, 0.9545454545454546, 0.9512987012987013, 0.9577922077922078, 0.9545454545454546, 0.9512987012987013, 0.9512987012987013, 0.961038961038961, 0.9545454545454546, 0.9545454545454546]",0.9545454545454546,[0.98245614],[0.125],[0.98245614]
0.0005,32,0.4,"[0.42574699002552807, 0.24852658641047595, 0.18103039026623818, 0.10709164121407803, 0.09083588975595265, 0.10987050601137363, 0.07499275293534365, 0.036469733457618614, 0.012368150812581302, 0.013489803161502369, 0.004398988388531758, 0.002883777504112965, 0.005711318586566826, 0.003085226207267402, 0.0018875862997994432, 0.0015849728298627174, 0.0010867174825421914, 0.0009351047370402991, 0.0008422537331991807, 0.0012970261717294683, 0.0013615893162181223, 0.0009133120052274165, 0.0007259147418700765, 0.00046736684105381734, 0.000496634913866817]","[0.802439024390244, 0.8983739837398373, 0.932520325203252, 0.9577235772357724, 0.9658536585365853, 0.9552845528455285, 0.9715447154471545, 0.9869918699186991, 0.9983739837398374, 0.9959349593495935, 1.0, 1.0, 0.9991869918699187, 1.0, 1.0, 1.0, 1.0, 1.0, 1.0, 1.0, 1.0, 1.0, 1.0, 1.0, 1.0]","[0.8474025974025974, 0.8668831168831169, 0.9448051948051948, 0.9415584415584416, 0.9090909090909091, 0.8603896103896104, 0.8896103896103896, 0.9577922077922078, 0.9577922077922078, 0.961038961038961, 0.961038961038961, 0.961038961038961, 0.9642857142857143, 0.9545454545454546, 0.9577922077922078, 0.9577922077922078, 0.961038961038961, 0.961038961038961, 0.9642857142857143, 0.9577922077922078, 0.9577922077922078, 0.961038961038961, 0.961038961038961, 0.961038961038961, 0.961038961038961]",0.961038961038961,[0.99122807],[0.125],[0.99122807]
0.0005,64,0.1,"[0.4977942271445825, 0.311936123487426, 0.23552905323544168, 0.16938418085134127, 0.12381349218842702, 0.08179153310574167, 0.0626467584412757, 0.03882219825030827, 0.0208207382086089, 0.011240480961353798, 0.02633256205940634, 0.028871400292765925, 0.012351217060312022, 0.005550347742192993, 0.003791339577334683, 0.002613160785333049, 0.0022211579433680188, 0.0013787936521466912, 0.0012577817268003293, 0.00161064158892259, 0.001112524520537657, 0.0009417384186649801, 0.0007487676085571085, 0.0006505673811808834, 0.0006369174420227849]","[0.7544715447154472, 0.8658536585365854, 0.9040650406504065, 0.9414634146341463, 0.9585365853658536, 0.9813008130081301, 0.9813008130081301, 0.9934959349593496, 0.9983739837398374, 0.9983739837398374, 0.9934959349593496, 0.9926829268292683, 0.9991869918699187, 1.0, 1.0, 1.0, 1.0, 1.0, 1.0, 1.0, 1.0, 1.0, 1.0, 1.0, 1.0]","[0.7467532467532467, 0.8506493506493507, 0.7954545454545454, 0.9545454545454546, 0.9448051948051948, 0.9577922077922078, 0.9383116883116883, 0.8993506493506493, 0.9448051948051948, 0.9675324675324676, 0.9577922077922078, 0.9642857142857143, 0.9642857142857143, 0.9707792207792207, 0.9642857142857143, 0.9707792207792207, 0.9675324675324676, 0.9707792207792207, 0.9772727272727273, 0.9675324675324676, 0.9707792207792207, 0.974025974025974, 0.9707792207792207, 0.974025974025974, 0.974025974025974]",0.974025974025974,[0.99122807],[0.075],[0.99122807]
0.0005,64,0.2,"[0.46799633973013094, 0.31538684392363076, 0.24888978382436241, 0.15967184482066613, 0.11658463199448779, 0.084426016608874, 0.05876949435569406, 0.03927551219618417, 0.02887221867960643, 0.022761984751938382, 0.01112965230936018, 0.0068229931762548, 0.0060063906922573, 0.019159103009274335, 0.020410589994938392, 0.006549802644753723, 0.002876456976088324, 0.0026757287679285537, 0.001507262390284852, 0.0010574250889476388, 0.0009133693016308352, 0.0008664513831888136, 0.0006996532436460256, 0.0005400689067016167, 0.0006951773807981876]","[0.7796747967479675, 0.8601626016260162, 0.8951219512195122, 0.9414634146341463, 0.9642276422764228, 0.9747967479674797, 0.983739837398374, 0.9943089430894309, 0.9951219512195122, 0.9951219512195122, 0.9983739837398374, 0.9991869918699187, 1.0, 0.9943089430894309, 0.9943089430894309, 1.0, 1.0, 1.0, 1.0, 1.0, 1.0, 1.0, 1.0, 1.0, 1.0]","[0.8116883116883117, 0.8116883116883117, 0.9090909090909091, 0.9383116883116883, 0.922077922077922, 0.9545454545454546, 0.9675324675324676, 0.922077922077922, 0.9512987012987013, 0.9642857142857143, 0.9675324675324676, 0.9577922077922078, 0.9642857142857143, 0.9577922077922078, 0.9512987012987013, 0.9577922077922078, 0.9675324675324676, 0.9642857142857143, 0.9642857142857143, 0.9675324675324676, 0.9642857142857143, 0.9642857142857143, 0.961038961038961, 0.9675324675324676, 0.9707792207792207]",0.9707792207792207,[0.99561404],[0.1],[0.99561404]
0.0005,64,0.3,"[0.49572814698141765, 0.33403689933986197, 0.24657052076928984, 0.18474178912678385, 0.1363465679249143, 0.12138768466022926, 0.09971598043310934, 0.05720742651359822, 0.0354535489002379, 0.02302346889807926, 0.029655809314330903, 0.0220546618634002, 0.008112039589663831, 0.007020714551558703, 0.004281281637845607, 0.0035311299923247073, 0.002021578212204291, 0.0026440361906524476, 0.0021397551604947908, 0.0018745362875998263, 0.0018193678847112792, 0.0018012493173023914, 0.001201877042999476, 0.002876954570760935, 0.00269458433310312]","[0.7764227642276422, 0.8560975609756097, 0.9, 0.9260162601626016, 0.9552845528455285, 0.9528455284552846, 0.967479674796748, 0.9804878048780488, 0.9910569105691057, 0.9943089430894309, 0.9910569105691057, 0.9934959349593496, 0.9991869918699187, 1.0, 1.0, 1.0, 1.0, 1.0, 1.0, 1.0, 1.0, 1.0, 1.0, 0.9991869918699187, 1.0]","[0.7467532467532467, 0.8214285714285714, 0.9025974025974026, 0.935064935064935, 0.8538961038961039, 0.9512987012987013, 0.9512987012987013, 0.9383116883116883, 0.9253246753246753, 0.935064935064935, 0.9512987012987013, 0.961038961038961, 0.961038961038961, 0.9642857142857143, 0.9675324675324676, 0.9642857142857143, 0.9675324675324676, 0.9642857142857143, 0.9577922077922078, 0.9642857142857143, 0.961038961038961, 0.9642857142857143, 0.974025974025974, 0.935064935064935, 0.9642857142857143]",0.9642857142857143,[0.99561404],[0.125],[0.99561404]
0.0005,64,0.4,"[0.521384973933057, 0.3592261843565034, 0.2754557286578465, 0.21906290640675924, 0.17538124424655263, 0.13403719807179962, 0.09024678542604292, 0.07168662434186393, 0.05654873023551654, 0.041721887438277885, 0.03650318551657161, 0.021620344771905158, 0.01642879521761968, 0.010745374973469633, 0.009051206868853632, 0.008416246798464923, 0.023414826592263894, 0.020027540241012245, 0.010031864834510214, 0.010290468409203175, 0.01231361039520461, 0.005424289495449483, 0.0049239479525893075, 0.004514355331610101, 0.002944062402418898]","[0.732520325203252, 0.8422764227642277, 0.883739837398374, 0.9195121951219513, 0.9300813008130081, 0.9544715447154472, 0.9691056910569106, 0.9772357723577236, 0.9878048780487805, 0.9869918699186991, 0.991869918699187, 0.9959349593495935, 0.9991869918699187, 0.9991869918699187, 1.0, 0.9983739837398374, 0.9959349593495935, 0.9951219512195122, 1.0, 0.9967479674796748, 0.9975609756097561, 1.0, 0.9991869918699187, 1.0, 1.0]","[0.7435064935064936, 0.8051948051948052, 0.8961038961038961, 0.8831168831168831, 0.9415584415584416, 0.935064935064935, 0.9155844155844156, 0.9188311688311688, 0.9545454545454546, 0.948051948051948, 0.9512987012987013, 0.961038961038961, 0.9577922077922078, 0.9512987012987013, 0.961038961038961, 0.9025974025974026, 0.9318181818181818, 0.9545454545454546, 0.9512987012987013, 0.9448051948051948, 0.9545454545454546, 0.9512987012987013, 0.9512987012987013, 0.948051948051948, 0.9512987012987013]",0.9512987012987013,[0.97368421],[0.1125],[0.97368421]
0.0005,128,0.1,"[0.5087415937485734, 0.3493815640123879, 0.2853503407743888, 0.21404560031445047, 0.16251066977657924, 0.11975259642775465, 0.07856418569155825, 0.06964382294838022, 0.040188312715267745, 0.025097095160707225, 0.017907972209821873, 0.012880203679840012, 0.007641696829984828, 0.005039683119886048, 0.0038241663031522337, 0.004022231119934742, 0.002836981503580644, 0.0023896544974872738, 0.0018973603960111495, 0.001698662595051091, 0.0014484893865656199, 0.0014965121698664215, 0.001092330104769851, 0.0011228251473493571, 0.0009245376818154643]","[0.7731707317073171, 0.8471544715447155, 0.8861788617886179, 0.9121951219512195, 0.9439024390243902, 0.9560975609756097, 0.973170731707317, 0.983739837398374, 0.9902439024390244, 0.9967479674796748, 0.9991869918699187, 0.9991869918699187, 1.0, 1.0, 1.0, 1.0, 1.0, 1.0, 1.0, 1.0, 1.0, 1.0, 1.0, 1.0, 1.0]","[0.7402597402597403, 0.7467532467532467, 0.7435064935064936, 0.8506493506493507, 0.9123376623376623, 0.935064935064935, 0.9448051948051948, 0.948051948051948, 0.9545454545454546, 0.9448051948051948, 0.9577922077922078, 0.9512987012987013, 0.9545454545454546, 0.9545454545454546, 0.9577922077922078, 0.9642857142857143, 0.961038961038961, 0.9577922077922078, 0.961038961038961, 0.961038961038961, 0.9642857142857143, 0.9642857142857143, 0.961038961038961, 0.9642857142857143, 0.961038961038961]",0.961038961038961,[0.99122807],[0.125],[0.99122807]
0.0005,128,0.2,"[0.5641394793987274, 0.397725915521141, 0.31786805464000234, 0.24895358395770315, 0.2010328759507435, 0.15935700392820001, 0.12096310992066453, 0.09867164674328595, 0.06497849800237795, 0.049454758485885174, 0.03337998814214536, 0.02202235952140839, 0.017992243952140576, 0.012007450651589448, 0.0076614071213738704, 0.0077022034031285986, 0.005913143371027417, 0.004645040350761719, 0.005377155625662668, 0.0030622569683227477, 0.003027173373621048, 0.0025686735910083343, 0.0022350528796120147, 0.0018449918599799276, 0.001724263409349492]","[0.7430894308943089, 0.8016260162601626, 0.8536585365853658, 0.8959349593495934, 0.9130081300813008, 0.9357723577235773, 0.9560975609756097, 0.9658536585365853, 0.9804878048780488, 0.9902439024390244, 0.9967479674796748, 0.9983739837398374, 0.9975609756097561, 0.9991869918699187, 1.0, 1.0, 1.0, 1.0, 1.0, 1.0, 1.0, 1.0, 1.0, 1.0, 1.0]","[0.7402597402597403, 0.7435064935064936, 0.7727272727272727, 0.8506493506493507, 0.9058441558441559, 0.9318181818181818, 0.9188311688311688, 0.8993506493506493, 0.9318181818181818, 0.948051948051948, 0.935064935064935, 0.948051948051948, 0.9415584415584416, 0.9448051948051948, 0.9448051948051948, 0.9512987012987013, 0.9545454545454546, 0.948051948051948, 0.9448051948051948, 0.948051948051948, 0.948051948051948, 0.9512987012987013, 0.9448051948051948, 0.948051948051948, 0.9448051948051948]",0.9448051948051948,[0.97807018],[0.15],[0.97807018]
0.0005,128,0.3,"[0.5665900438781676, 0.3965773299457581, 0.3343366230891003, 0.2816598119289894, 0.22736536717511774, 0.18848245563061256, 0.14646476240662054, 0.10983515708911709, 0.1037838323814113, 0.07995564855816888, 0.061450824644265135, 0.034631083100064984, 0.023290114325842236, 0.02074148890569927, 0.015446623917517624, 0.010215095653221375, 0.008453016276887762, 0.005600637318642159, 0.004863933298161359, 0.0054860007547871854, 0.004166981437039085, 0.0032711756196085033, 0.0029337387009546524, 0.0030370155440234557, 0.002067147575439961]","[0.7138211382113822, 0.8211382113821138, 0.8504065040650407, 0.8902439024390244, 0.9073170731707317, 0.9284552845528455, 0.9447154471544715, 0.9699186991869919, 0.9666666666666667, 0.9764227642276423, 0.9813008130081301, 0.9951219512195122, 0.9983739837398374, 0.9967479674796748, 0.9975609756097561, 0.9991869918699187, 1.0, 1.0, 1.0, 1.0, 1.0, 1.0, 1.0, 1.0, 1.0]","[0.7402597402597403, 0.75, 0.7532467532467533, 0.8116883116883117, 0.8928571428571429, 0.9123376623376623, 0.9285714285714286, 0.9058441558441559, 0.8993506493506493, 0.9383116883116883, 0.922077922077922, 0.9383116883116883, 0.9383116883116883, 0.9448051948051948, 0.9545454545454546, 0.948051948051948, 0.9512987012987013, 0.9415584415584416, 0.948051948051948, 0.9448051948051948, 0.9545454545454546, 0.9512987012987013, 0.948051948051948, 0.9512987012987013, 0.948051948051948]",0.948051948051948,[0.98684211],[0.1625],[0.98684211]
0.0005,128,0.4,"[0.5508979141712189, 0.3834345552010265, 0.3100541847508128, 0.2609087469858852, 0.2151354038133854, 0.17821378332328022, 0.14628477204379028, 0.10301288835159163, 0.07839277942733067, 0.06433717458834493, 0.04934270836231185, 0.0362555845633028, 0.025791400295447527, 0.015961046242798732, 0.011525387559237519, 0.008311993177465306, 0.011929005637340914, 0.011531875645968971, 0.008105590327726148, 0.005966278282183457, 0.005253942754513364, 0.0034379382012033367, 0.0029885169156501448, 0.001935851987928334, 0.0018434413712532297]","[0.7422764227642277, 0.816260162601626, 0.8674796747967479, 0.8934959349593496, 0.9016260162601626, 0.9308943089430894, 0.9495934959349593, 0.9666666666666667, 0.9788617886178862, 0.983739837398374, 0.9861788617886179, 0.9926829268292683, 0.9959349593495935, 0.9983739837398374, 0.9983739837398374, 1.0, 0.9983739837398374, 0.9975609756097561, 1.0, 0.9991869918699187, 1.0, 1.0, 1.0, 1.0, 1.0]","[0.7402597402597403, 0.7467532467532467, 0.7564935064935064, 0.8441558441558441, 0.8928571428571429, 0.8733766233766234, 0.9123376623376623, 0.8961038961038961, 0.9545454545454546, 0.9285714285714286, 0.948051948051948, 0.9545454545454546, 0.9415584415584416, 0.9383116883116883, 0.9545454545454546, 0.9448051948051948, 0.9545454545454546, 0.9512987012987013, 0.9512987012987013, 0.948051948051948, 0.948051948051948, 0.9642857142857143, 0.961038961038961, 0.9512987012987013, 0.9577922077922078]",0.9577922077922078,[0.96929825],[0.075],[0.96929825]
0.001,16,0.1,"[0.4303280511522681, 0.26543233922826565, 0.20459179476024658, 0.16226051992517176, 0.14233874315168799, 0.11624719462380177, 0.060749977730154024, 0.028440780254701772, 0.04151356219412471, 0.018203408230470904, 0.025002109762508332, 0.02319463107723561, 0.026033316822949706, 0.04999716184291292, 0.02260765490094692, 0.0019919520485824414, 0.0009242091901227453, 0.0005382449610340523, 0.0004319870000827217, 0.00046376185266895414, 0.00039583699346133847, 0.0003429621366068921, 0.00038961065835858947, 0.00029783695861668804, 0.00021210555446228178]","[0.8065040650406504, 0.8943089430894309, 0.9227642276422764, 0.9349593495934959, 0.9479674796747968, 0.9560975609756097, 0.9715447154471545, 0.9926829268292683, 0.9861788617886179, 0.9951219512195122, 0.9943089430894309, 0.9926829268292683, 0.9910569105691057, 0.9804878048780488, 0.9934959349593496, 1.0, 1.0, 1.0, 1.0, 1.0, 1.0, 1.0, 1.0, 1.0, 1.0]","[0.8441558441558441, 0.8928571428571429, 0.9545454545454546, 0.9383116883116883, 0.8344155844155844, 0.948051948051948, 0.948051948051948, 0.9642857142857143, 0.9448051948051948, 0.961038961038961, 0.961038961038961, 0.9545454545454546, 0.9188311688311688, 0.974025974025974, 0.9642857142857143, 0.9545454545454546, 0.9577922077922078, 0.961038961038961, 0.961038961038961, 0.9545454545454546, 0.9707792207792207, 0.974025974025974, 0.9675324675324676, 0.9642857142857143, 0.9707792207792207]",0.9707792207792207,[0.99122807],[0.0875],[0.99122807]
0.001,16,0.2,"[0.37801356853508367, 0.26632737342904256, 0.15045174134940636, 0.12047518536569626, 0.08117032800536088, 0.0680340479847377, 0.0713663534268858, 0.035592679085770275, 0.03853055361253247, 0.011751695993409408, 0.0073220757746262615, 0.019379084319069345, 0.004119452818228704, 0.002510731875502724, 0.0006045377534427075, 0.0006091049122619367, 0.0004152802218790961, 0.0003020861428611658, 0.00032262040070391533, 0.0002310093051867041, 0.0002915633777516129, 0.0001982930612067003, 0.0003028435033355173, 0.00020352569792033513, 0.00020237442838809855]","[0.8422764227642277, 0.8886178861788618, 0.9463414634146341, 0.9536585365853658, 0.9666666666666667, 0.9764227642276423, 0.973170731707317, 0.9869918699186991, 0.9861788617886179, 0.9975609756097561, 0.9983739837398374, 0.9910569105691057, 0.9991869918699187, 1.0, 1.0, 1.0, 1.0, 1.0, 1.0, 1.0, 1.0, 1.0, 1.0, 1.0, 1.0]","[0.8668831168831169, 0.9188311688311688, 0.935064935064935, 0.9383116883116883, 0.9155844155844156, 0.961038961038961, 0.9512987012987013, 0.9512987012987013, 0.9642857142857143, 0.9512987012987013, 0.948051948051948, 0.9512987012987013, 0.9545454545454546, 0.9577922077922078, 0.9577922077922078, 0.9577922077922078, 0.9577922077922078, 0.961038961038961, 0.9577922077922078, 0.961038961038961, 0.9577922077922078, 0.9577922077922078, 0.961038961038961, 0.9577922077922078, 0.9577922077922078]",0.9577922077922078,[0.97807018],[0.1],[0.97807018]
0.001,16,0.3,"[0.43377553859377294, 0.27757388615026707, 0.19032586900199333, 0.13825981334699847, 0.12052030425246169, 0.08191068323283661, 0.06254101036404207, 0.05092666438341565, 0.03971621769487979, 0.01363578611318537, 0.02224747822884985, 0.008663659514328115, 0.02008189759884461, 0.029906774349737823, 0.018435780065914054, 0.008317347707007292, 0.006353423287131354, 0.0015699802655930162, 0.0023523542926296814, 0.0011247954353269798, 0.0004443157627886138, 0.00019757316867019734, 0.00040193879826469264, 0.00020429267329391, 0.0002306685944223148]","[0.8056910569105691, 0.875609756097561, 0.932520325203252, 0.9536585365853658, 0.9495934959349593, 0.9715447154471545, 0.975609756097561, 0.9829268292682927, 0.9861788617886179, 0.9967479674796748, 0.9934959349593496, 0.9975609756097561, 0.9910569105691057, 0.991869918699187, 0.9943089430894309, 0.9975609756097561, 0.9975609756097561, 1.0, 0.9991869918699187, 1.0, 1.0, 1.0, 1.0, 1.0, 1.0]","[0.8571428571428571, 0.8831168831168831, 0.8831168831168831, 0.935064935064935, 0.9512987012987013, 0.948051948051948, 0.961038961038961, 0.8798701298701299, 0.9545454545454546, 0.9545454545454546, 0.974025974025974, 0.9025974025974026, 0.9642857142857143, 0.9577922077922078, 0.9642857142857143, 0.9545454545454546, 0.9675324675324676, 0.9805194805194806, 0.9577922077922078, 0.9707792207792207, 0.9707792207792207, 0.974025974025974, 0.9642857142857143, 0.9707792207792207, 0.974025974025974]",0.974025974025974,[0.99122807],[0.075],[0.99122807]
0.001,16,0.4,"[0.46427550625994923, 0.2917644130989788, 0.2244938987541974, 0.1882457993137158, 0.13605741349662223, 0.10561988150201193, 0.06744038962221485, 0.06284482528463127, 0.06422041538417551, 0.024009063575659097, 0.027058275720876893, 0.021668541439400977, 0.03457175344323391, 0.01911618473704874, 0.01585694389508628, 0.008774736284769786, 0.011051597862813917, 0.01810335583373908, 0.004284936366616975, 0.0028233577150541993, 0.0008016919704060434, 0.00039476442764613994, 0.0004189655963628178, 0.000248180183462694, 0.0004826065482904404]","[0.7910569105691057, 0.8747967479674796, 0.9032520325203252, 0.9252032520325203, 0.9536585365853658, 0.9609756097560975, 0.9739837398373984, 0.9772357723577236, 0.9780487804878049, 0.9934959349593496, 0.9886178861788618, 0.9934959349593496, 0.9869918699186991, 0.9943089430894309, 0.9951219512195122, 0.9983739837398374, 0.9975609756097561, 0.9983739837398374, 0.9983739837398374, 1.0, 1.0, 1.0, 1.0, 1.0, 1.0]","[0.8214285714285714, 0.6623376623376623, 0.9253246753246753, 0.9253246753246753, 0.961038961038961, 0.948051948051948, 0.9448051948051948, 0.9545454545454546, 0.9577922077922078, 0.9512987012987013, 0.9642857142857143, 0.9642857142857143, 0.9318181818181818, 0.9642857142857143, 0.9545454545454546, 0.9675324675324676, 0.9448051948051948, 0.9577922077922078, 0.9577922077922078, 0.9642857142857143, 0.9707792207792207, 0.9707792207792207, 0.9707792207792207, 0.9707792207792207, 0.9707792207792207]",0.9707792207792207,[0.99122807],[0.0875],[0.99122807]
0.001,32,0.1,"[0.44453646046359363, 0.25126435361742006, 0.15846464859276282, 0.10824989240949716, 0.060421088922435674, 0.041665388707344125, 0.0368309517141159, 0.013447975845840888, 0.007911535469073106, 0.031115975614061684, 0.06814997014097446, 0.015032414159154505, 0.009908275085508945, 0.004285575023178405, 0.001393652673738789, 0.0005463286105172361, 0.00044994925419888476, 0.00037381929611385897, 0.000471004664096262, 0.000242280889535796, 0.0002554857662814571, 0.00022942792483211715, 0.00016661654535266458, 0.00017665798091556786, 0.00018269792718508061]","[0.7975609756097561, 0.8951219512195122, 0.9406504065040651, 0.9577235772357724, 0.9796747967479674, 0.9829268292682927, 0.9902439024390244, 0.9959349593495935, 0.9991869918699187, 0.9886178861788618, 0.9723577235772358, 0.9959349593495935, 0.9975609756097561, 0.9991869918699187, 1.0, 1.0, 1.0, 1.0, 1.0, 1.0, 1.0, 1.0, 1.0, 1.0, 1.0]","[0.8571428571428571, 0.8766233766233766, 0.922077922077922, 0.9545454545454546, 0.9383116883116883, 0.9090909090909091, 0.9415584415584416, 0.9545454545454546, 0.9675324675324676, 0.8798701298701299, 0.9448051948051948, 0.922077922077922, 0.961038961038961, 0.9448051948051948, 0.9577922077922078, 0.9577922077922078, 0.9577922077922078, 0.9577922077922078, 0.9545454545454546, 0.9512987012987013, 0.9545454545454546, 0.9577922077922078, 0.9577922077922078, 0.9545454545454546, 0.9577922077922078]",0.9577922077922078,[0.99561404],[0.15],[0.99561404]
0.001,32,0.2,"[0.5195073016775332, 0.3277149811023619, 0.23524806000352874, 0.1863043227331425, 0.11684444011226902, 0.08623991419629352, 0.04605514978369077, 0.035440378817843225, 0.05184272441679869, 0.031164705904003807, 0.009973463549361966, 0.007207595333797721, 0.002097111129830402, 0.001046348908041581, 0.0006481141663509955, 0.0006034343525657536, 0.0005708282936115491, 0.0005625682708814861, 0.0003465867955668269, 0.00027901510115546305, 0.0002625524643259653, 0.00026417932022605245, 0.00028370072236057463, 0.00027433077367476936, 0.0002397455981359022]","[0.7715447154471544, 0.8512195121951219, 0.8975609756097561, 0.9317073170731708, 0.9536585365853658, 0.9682926829268292, 0.9821138211382113, 0.9886178861788618, 0.9780487804878049, 0.989430894308943, 0.9991869918699187, 0.9975609756097561, 1.0, 1.0, 1.0, 1.0, 1.0, 1.0, 1.0, 1.0, 1.0, 1.0, 1.0, 1.0, 1.0]","[0.8181818181818182, 0.8474025974025974, 0.9123376623376623, 0.8441558441558441, 0.8766233766233766, 0.961038961038961, 0.9577922077922078, 0.9285714285714286, 0.8863636363636364, 0.9707792207792207, 0.9675324675324676, 0.9772727272727273, 0.9707792207792207, 0.9675324675324676, 0.9675324675324676, 0.9675324675324676, 0.9675324675324676, 0.974025974025974, 0.9707792207792207, 0.9675324675324676, 0.9675324675324676, 0.9675324675324676, 0.9675324675324676, 0.9642857142857143, 0.9642857142857143]",0.9642857142857143,[0.98684211],[0.1],[0.98684211]
0.001,32,0.3,"[0.43605658995911356, 0.22681985899684876, 0.16187042283818004, 0.12170837080575586, 0.11788144109210348, 0.07451326498171178, 0.054188512348214056, 0.020036904623625968, 0.011876470682673095, 0.008617791260130764, 0.003722729687995421, 0.0018757007448229849, 0.0015787744237421406, 0.0012425667174705646, 0.0007413628254165283, 0.0009109984916763577, 0.0005265363041080565, 0.0003926435513876197, 0.00034488456018980806, 0.00041901800588409346, 0.0003609943373282099, 0.0010976060890065926, 0.001555916310592774, 0.015251568883914894, 0.11149709436709318]","[0.8, 0.9097560975609756, 0.9365853658536586, 0.9544715447154472, 0.9528455284552846, 0.967479674796748, 0.9829268292682927, 0.9943089430894309, 0.9967479674796748, 0.9983739837398374, 1.0, 1.0, 1.0, 1.0, 1.0, 1.0, 1.0, 1.0, 1.0, 1.0, 1.0, 1.0, 1.0, 0.9926829268292683, 0.9552845528455285]","[0.8636363636363636, 0.935064935064935, 0.9285714285714286, 0.9383116883116883, 0.935064935064935, 0.8928571428571429, 0.948051948051948, 0.9675324675324676, 0.9545454545454546, 0.9577922077922078, 0.9707792207792207, 0.9642857142857143, 0.9707792207792207, 0.9642857142857143, 0.9707792207792207, 0.9642857142857143, 0.9642857142857143, 0.9675324675324676, 0.9675324675324676, 0.961038961038961, 0.9707792207792207, 0.9642857142857143, 0.9642857142857143, 0.9512987012987013, 0.9123376623376623]",0.9123376623376623,[1.],[0.3375],[1.]
0.001,32,0.4,"[0.4213020962428271, 0.2679944205574873, 0.22394976943004422, 0.14648887573218927, 0.10866091267122485, 0.06339866125244435, 0.03902822732925415, 0.03259926060956668, 0.046696850499971125, 0.0186766634664945, 0.012053676284243905, 0.006117537978854848, 0.01295488628433881, 0.024800658921097837, 0.012539166531419548, 0.00488776738142095, 0.0038854683616872483, 0.0017337177086969822, 0.0007904381243269739, 0.00046555449588913316, 0.000522326111222799, 0.0003124591277351951, 0.0003455826928304334, 0.0002343575890498743, 0.0001847380184566335]","[0.7878048780487805, 0.8910569105691057, 0.9016260162601626, 0.943089430894309, 0.9609756097560975, 0.9796747967479674, 0.989430894308943, 0.989430894308943, 0.9853658536585366, 0.9951219512195122, 0.9975609756097561, 0.9991869918699187, 0.9967479674796748, 0.989430894308943, 0.9967479674796748, 0.9991869918699187, 0.9991869918699187, 1.0, 1.0, 1.0, 1.0, 1.0, 1.0, 1.0, 1.0]","[0.7987012987012987, 0.9123376623376623, 0.9253246753246753, 0.9123376623376623, 0.9512987012987013, 0.9383116883116883, 0.9545454545454546, 0.9415584415584416, 0.9577922077922078, 0.9577922077922078, 0.9642857142857143, 0.948051948051948, 0.9448051948051948, 0.961038961038961, 0.9675324675324676, 0.9285714285714286, 0.9675324675324676, 0.974025974025974, 0.9642857142857143, 0.9642857142857143, 0.9642857142857143, 0.9642857142857143, 0.9707792207792207, 0.9642857142857143, 0.9642857142857143]",0.9642857142857143,[0.98684211],[0.1],[0.98684211]
0.001,64,0.1,"[0.5057921644148787, 0.30967068047058294, 0.235269791178587, 0.17081975956273274, 0.15246999372796313, 0.09562554249191672, 0.05208615137006694, 0.034480180355106915, 0.03449887692988888, 0.037989178305961255, 0.015730625320967983, 0.006557508480803269, 0.0033918819659033684, 0.0018057902866020436, 0.002324762684387738, 0.0009416810735658841, 0.0006852096336613583, 0.0005765373640640722, 0.000543004315302942, 0.0005420099663249089, 0.00046867033527270567, 0.000741653520579836, 0.0005110330725177683, 0.00043881399250812677, 0.0004831643955880488]","[0.765040650406504, 0.8536585365853658, 0.9008130081300812, 0.9341463414634147, 0.9365853658536586, 0.9723577235772358, 0.9829268292682927, 0.991869918699187, 0.989430894308943, 0.9845528455284552, 0.9967479674796748, 1.0, 1.0, 1.0, 1.0, 1.0, 1.0, 1.0, 1.0, 1.0, 1.0, 1.0, 1.0, 1.0, 1.0]","[0.788961038961039, 0.8831168831168831, 0.9253246753246753, 0.935064935064935, 0.9383116883116883, 0.9512987012987013, 0.9545454545454546, 0.9545454545454546, 0.935064935064935, 0.9415584415584416, 0.9577922077922078, 0.9577922077922078, 0.9545454545454546, 0.961038961038961, 0.9577922077922078, 0.9577922077922078, 0.9545454545454546, 0.961038961038961, 0.9545454545454546, 0.9545454545454546, 0.9577922077922078, 0.9577922077922078, 0.961038961038961, 0.9642857142857143, 0.9577922077922078]",0.9577922077922078,[0.99122807],[0.1375],[0.99122807]
0.001,64,0.2,"[0.5765035283759358, 0.3791519233850929, 0.3159640045185399, 0.24653786520163218, 0.18220917895072844, 0.1247650796078085, 0.11608682004659157, 0.07624181658332425, 0.04379600939015305, 0.03812667693549055, 0.06262037456641352, 0.025085985490946264, 0.025784268559569994, 0.01867036887073541, 0.006623895351048105, 0.00463840288093041, 0.00256467524431343, 0.0018174889223930252, 0.0017978166570750678, 0.01694012853672834, 0.0108028068411641, 0.015137555044356401, 0.05072695664092293, 0.024255396038051543, 0.014413166058257343]","[0.7390243902439024, 0.8138211382113821, 0.8601626016260162, 0.8910569105691057, 0.9211382113821138, 0.9585365853658536, 0.9520325203252032, 0.9739837398373984, 0.9886178861788618, 0.9878048780487805, 0.9821138211382113, 0.9934959349593496, 0.9902439024390244, 0.9959349593495935, 1.0, 0.9991869918699187, 1.0, 1.0, 1.0, 0.9951219512195122, 0.9967479674796748, 0.9943089430894309, 0.9796747967479674, 0.9943089430894309, 0.9959349593495935]","[0.7987012987012987, 0.8474025974025974, 0.8766233766233766, 0.8409090909090909, 0.8571428571428571, 0.9577922077922078, 0.9285714285714286, 0.9415584415584416, 0.961038961038961, 0.9545454545454546, 0.9253246753246753, 0.9253246753246753, 0.9545454545454546, 0.9512987012987013, 0.961038961038961, 0.9577922077922078, 0.9545454545454546, 0.9577922077922078, 0.9642857142857143, 0.9123376623376623, 0.8993506493506493, 0.9675324675324676, 0.9253246753246753, 0.9675324675324676, 0.9642857142857143]",0.9642857142857143,[0.98245614],[0.0875],[0.98245614]
0.001,64,0.3,"[0.513649843572601, 0.32291056559822423, 0.24707638839396034, 0.19746436463381217, 0.15451672822237014, 0.121410597557944, 0.09936511905455007, 0.05508266963609835, 0.035216453029372825, 0.04293465028872819, 0.03972587236543981, 0.05128912341788532, 0.040284300868104146, 0.03207478050778552, 0.012083152506682205, 0.004045349251236615, 0.004952120434348964, 0.003219154475794393, 0.0018467534418649427, 0.001465331717125496, 0.0008117726370569212, 0.0008937488975404663, 0.00116998199027432, 0.0014266656853667483, 0.0007639109265869408]","[0.7707317073170732, 0.8544715447154472, 0.9032520325203252, 0.9227642276422764, 0.943089430894309, 0.9544715447154472, 0.9617886178861789, 0.9821138211382113, 0.9902439024390244, 0.9845528455284552, 0.9861788617886179, 0.9821138211382113, 0.9861788617886179, 0.9910569105691057, 0.9991869918699187, 1.0, 0.9991869918699187, 1.0, 1.0, 1.0, 1.0, 1.0, 1.0, 1.0, 1.0]","[0.75, 0.7532467532467533, 0.8311688311688312, 0.9188311688311688, 0.9545454545454546, 0.9318181818181818, 0.948051948051948, 0.948051948051948, 0.9642857142857143, 0.8993506493506493, 0.9512987012987013, 0.9577922077922078, 0.948051948051948, 0.9545454545454546, 0.9545454545454546, 0.9707792207792207, 0.9512987012987013, 0.9675324675324676, 0.974025974025974, 0.9707792207792207, 0.974025974025974, 0.9642857142857143, 0.9707792207792207, 0.9675324675324676, 0.961038961038961]",0.961038961038961,[0.99122807],[0.125],[0.99122807]
0.001,64,0.4,"[0.5552952258082909, 0.36309970682714043, 0.3045824234805456, 0.23129864979565629, 0.224094324601375, 0.13208507069242678, 0.1187623535139047, 0.070762462418799, 0.052931514709461024, 0.047029131328369056, 0.01981553257541443, 0.014800707184959476, 0.019645323867841465, 0.011725509685380914, 0.007686154635214224, 0.011923301083649076, 0.03670140560262087, 0.03140064073590244, 0.015345446891870684, 0.01130274450330715, 0.005324532007949987, 0.0034997884438958066, 0.0015580677606233555, 0.0011230318081362658, 0.0008259568075702443]","[0.751219512195122, 0.8333333333333334, 0.8634146341463415, 0.9, 0.9170731707317074, 0.9536585365853658, 0.9585365853658536, 0.9764227642276423, 0.9845528455284552, 0.9869918699186991, 0.9975609756097561, 0.9967479674796748, 0.9943089430894309, 0.9991869918699187, 0.9983739837398374, 0.9983739837398374, 0.9869918699186991, 0.9878048780487805, 0.9951219512195122, 0.9983739837398374, 0.9983739837398374, 1.0, 1.0, 1.0, 1.0]","[0.75, 0.8376623376623377, 0.8344155844155844, 0.7954545454545454, 0.9383116883116883, 0.8831168831168831, 0.9545454545454546, 0.9383116883116883, 0.935064935064935, 0.9577922077922078, 0.948051948051948, 0.8538961038961039, 0.9415584415584416, 0.9675324675324676, 0.9577922077922078, 0.961038961038961, 0.801948051948052, 0.9642857142857143, 0.9155844155844156, 0.9675324675324676, 0.961038961038961, 0.9707792207792207, 0.9707792207792207, 0.9675324675324676, 0.9772727272727273]",0.9772727272727273,[0.99561404],[0.075],[0.99561404]
0.001,128,0.1,"[0.6204460317526407, 0.3873574848582105, 0.3309534252659092, 0.27189246396708294, 0.2120557914419872, 0.16985298535688137, 0.14065403586965267, 0.09539667492717262, 0.06767290554395536, 0.04876188488025975, 0.03106528922491442, 0.017064202434527196, 0.011880096179864755, 0.009925243488656796, 0.008004563989314607, 0.0072518132960166385, 0.008141820241765279, 0.008036810857796572, 0.0039878057037684616, 0.0025549561131700147, 0.0015796138598333771, 0.0010164046555007921, 0.0008740698789034372, 0.0006021636444507394, 0.0007101185251655799]","[0.7357723577235772, 0.8170731707317073, 0.8585365853658536, 0.8780487804878049, 0.908130081300813, 0.9349593495934959, 0.9447154471544715, 0.9699186991869919, 0.9804878048780488, 0.9829268292682927, 0.9951219512195122, 0.9975609756097561, 0.9991869918699187, 0.9983739837398374, 1.0, 0.9991869918699187, 0.9991869918699187, 1.0, 1.0, 1.0, 1.0, 1.0, 1.0, 1.0, 1.0]","[0.7402597402597403, 0.7435064935064936, 0.7532467532467533, 0.814935064935065, 0.8928571428571429, 0.9253246753246753, 0.9415584415584416, 0.9448051948051948, 0.9577922077922078, 0.9512987012987013, 0.9577922077922078, 0.9707792207792207, 0.9707792207792207, 0.9318181818181818, 0.9675324675324676, 0.935064935064935, 0.948051948051948, 0.948051948051948, 0.9642857142857143, 0.9772727272727273, 0.9642857142857143, 0.9675324675324676, 0.974025974025974, 0.974025974025974, 0.974025974025974]",0.974025974025974,[0.98684211],[0.0625],[0.98684211]
0.001,128,0.2,"[0.7369343805603865, 0.44569467538740576, 0.38209146193372523, 0.33089036553855833, 0.2770927093135632, 0.22467152478733682, 0.17773412761649465, 0.14432618007427309, 0.176377986020189, 0.15102513902555637, 0.10039761529220798, 0.08290628594596211, 0.055355402094319585, 0.04279119455354, 0.02852047052294985, 0.02861920741151988, 0.020573125219320865, 0.02025366703396648, 0.011251705543448528, 0.007731138363601716, 0.005337596718767068, 0.004572392256582171, 0.004123096246408616, 0.003930642397135375, 0.002713588214804971]","[0.751219512195122, 0.7666666666666667, 0.8203252032520325, 0.8447154471544716, 0.875609756097561, 0.9105691056910569, 0.9317073170731708, 0.9471544715447154, 0.9243902439024391, 0.9439024390243902, 0.9699186991869919, 0.9691056910569106, 0.9821138211382113, 0.9886178861788618, 0.9951219512195122, 0.9934959349593496, 0.9967479674796748, 0.9943089430894309, 1.0, 1.0, 1.0, 1.0, 1.0, 1.0, 1.0]","[0.7402597402597403, 0.75, 0.788961038961039, 0.8311688311688312, 0.8311688311688312, 0.8766233766233766, 0.9253246753246753, 0.8051948051948052, 0.948051948051948, 0.9285714285714286, 0.9415584415584416, 0.9512987012987013, 0.9545454545454546, 0.9545454545454546, 0.9577922077922078, 0.948051948051948, 0.9383116883116883, 0.9383116883116883, 0.935064935064935, 0.9642857142857143, 0.9577922077922078, 0.961038961038961, 0.9642857142857143, 0.9642857142857143, 0.9577922077922078]",0.9577922077922078,[0.98245614],[0.1125],[0.98245614]
0.001,128,0.3,"[0.6484870719231242, 0.4508207774259211, 0.38570534892198516, 0.34399759968121846, 0.3011097678808662, 0.26917064066340285, 0.24835890885291062, 0.21770368991343955, 0.1904917320342568, 0.14783652039562784, 0.11625156480122388, 0.09757475448333151, 0.07134454562896636, 0.05101424346609813, 0.04282924792146295, 0.03162890868942912, 0.029966777905337208, 0.022037372677549114, 0.014081716081657545, 0.013092747003566928, 0.008273992168800376, 0.008040145646053843, 0.006847967706408685, 0.005075654734259214, 0.004507754418272071]","[0.7154471544715447, 0.7723577235772358, 0.8260162601626017, 0.8390243902439024, 0.8764227642276423, 0.8878048780487805, 0.8902439024390244, 0.9073170731707317, 0.9211382113821138, 0.9422764227642276, 0.9552845528455285, 0.9650406504065041, 0.975609756097561, 0.9845528455284552, 0.989430894308943, 0.991869918699187, 0.9951219512195122, 0.9983739837398374, 0.9975609756097561, 0.9975609756097561, 0.9991869918699187, 0.9991869918699187, 0.9991869918699187, 0.9991869918699187, 1.0]","[0.7402597402597403, 0.7402597402597403, 0.7857142857142857, 0.8311688311688312, 0.8506493506493507, 0.8831168831168831, 0.8766233766233766, 0.8798701298701299, 0.8376623376623377, 0.935064935064935, 0.935064935064935, 0.9577922077922078, 0.9318181818181818, 0.935064935064935, 0.9253246753246753, 0.961038961038961, 0.9285714285714286, 0.9512987012987013, 0.9512987012987013, 0.9415584415584416, 0.961038961038961, 0.9448051948051948, 0.9577922077922078, 0.9545454545454546, 0.9642857142857143]",0.9642857142857143,[0.99122807],[0.1125],[0.99122807]
0.001,128,0.4,"[0.6150626031363883, 0.40355151271432393, 0.3416703858026644, 0.2765352366416435, 0.23903722113710107, 0.21402052829905255, 0.15491722902146782, 0.11885387296599101, 0.10936098762038278, 0.08880156411872647, 0.0550679192431574, 0.0349251299339339, 0.030096250445377535, 0.018821241915589426, 0.015937273619257338, 0.011160298653431539, 0.006966772897365859, 0.0064647920937012365, 0.004736920862223923, 0.0032083153160576655, 0.00438972192824008, 0.0042225299259208565, 0.0033182644970503037, 0.002835633438004832, 0.003655574609131772]","[0.7504065040650406, 0.7991869918699187, 0.8463414634146341, 0.8796747967479674, 0.8902439024390244, 0.9065040650406504, 0.9398373983739837, 0.9577235772357724, 0.9585365853658536, 0.967479674796748, 0.9821138211382113, 0.9910569105691057, 0.9926829268292683, 0.9983739837398374, 0.9959349593495935, 0.9991869918699187, 1.0, 0.9991869918699187, 1.0, 1.0, 1.0, 1.0, 1.0, 1.0, 0.9991869918699187]","[0.7402597402597403, 0.8311688311688312, 0.7532467532467533, 0.7954545454545454, 0.8961038961038961, 0.8961038961038961, 0.9090909090909091, 0.8766233766233766, 0.9383116883116883, 0.9318181818181818, 0.8571428571428571, 0.9448051948051948, 0.9415584415584416, 0.9285714285714286, 0.9448051948051948, 0.9545454545454546, 0.9415584415584416, 0.9545454545454546, 0.948051948051948, 0.9545454545454546, 0.9383116883116883, 0.9577922077922078, 0.9512987012987013, 0.9448051948051948, 0.948051948051948]",0.948051948051948,[0.97807018],[0.1375],[0.97807018]
0.005,16,0.1,"[0.6235162799435903, 0.31978229497506366, 0.2900720525805543, 0.24410280966904105, 0.21635642118327986, 0.18693548508775912, 0.16175866772731146, 0.14786752946371953, 0.11841477302879821, 0.13353229682377685, 0.10188096523345486, 0.06419436143090328, 0.03780608569703451, 0.13054356533822006, 0.0804663649639039, 0.039441817614242314, 0.038246153452910665, 0.03348485795114704, 0.030774328207248836, 0.0717768254167423, 0.030130653388843666, 0.02012394147707865, 0.02678081814928583, 0.06683765510691053, 0.014132686520593499]","[0.7788617886178861, 0.8626016260162601, 0.8731707317073171, 0.9113821138211382, 0.908130081300813, 0.9227642276422764, 0.9406504065040651, 0.9447154471544715, 0.9504065040650407, 0.948780487804878, 0.9577235772357724, 0.9813008130081301, 0.9869918699186991, 0.9544715447154472, 0.9723577235772358, 0.9861788617886179, 0.9869918699186991, 0.9861788617886179, 0.9878048780487805, 0.9715447154471545, 0.989430894308943, 0.989430894308943, 0.9926829268292683, 0.9821138211382113, 0.9926829268292683]","[0.8376623376623377, 0.8733766233766234, 0.8993506493506493, 0.8701298701298701, 0.8993506493506493, 0.9090909090909091, 0.9188311688311688, 0.922077922077922, 0.9415584415584416, 0.9415584415584416, 0.9383116883116883, 0.9318181818181818, 0.9448051948051948, 0.8636363636363636, 0.9383116883116883, 0.9512987012987013, 0.9545454545454546, 0.935064935064935, 0.9383116883116883, 0.9123376623376623, 0.9448051948051948, 0.9545454545454546, 0.9577922077922078, 0.9577922077922078, 0.948051948051948]",0.948051948051948,[0.95614035],[0.075],[0.95614035]
0.005,16,0.2,"[0.5111975619463417, 0.32122638933057707, 0.27349417723291286, 0.25087050199508665, 0.19471011014004064, 0.19900582816784945, 0.17008635026168048, 0.1460698322203707, 0.10883533129604851, 0.08958979894111796, 0.09273410120267209, 0.0876941326187878, 0.1058395269985606, 0.039869911076001276, 0.039699556026749724, 0.05846921866570365, 0.031348509624660986, 0.018242913342508812, 0.049931582727950306, 0.05234719631877326, 0.050553437570162965, 0.02079346972305661, 0.0045374089376731186, 0.012402696195754178, 0.014467619348727204]","[0.7902439024390244, 0.8699186991869918, 0.8869918699186992, 0.8951219512195122, 0.9195121951219513, 0.9170731707317074, 0.9357723577235773, 0.9422764227642276, 0.9569105691056911, 0.9699186991869919, 0.9682926829268292, 0.9699186991869919, 0.9601626016260163, 0.9821138211382113, 0.9845528455284552, 0.9804878048780488, 0.9861788617886179, 0.9926829268292683, 0.9788617886178862, 0.9788617886178862, 0.9804878048780488, 0.9934959349593496, 0.9991869918699187, 0.9951219512195122, 0.9951219512195122]","[0.8409090909090909, 0.8928571428571429, 0.8441558441558441, 0.8766233766233766, 0.801948051948052, 0.8831168831168831, 0.9188311688311688, 0.9188311688311688, 0.8993506493506493, 0.9415584415584416, 0.9383116883116883, 0.8766233766233766, 0.935064935064935, 0.9188311688311688, 0.9642857142857143, 0.9545454545454546, 0.948051948051948, 0.9545454545454546, 0.9545454545454546, 0.8961038961038961, 0.9318181818181818, 0.9383116883116883, 0.9577922077922078, 0.961038961038961, 0.8441558441558441]",0.8441558441558441,[0.79824561],[0.025],[0.79824561]
0.005,16,0.3,"[0.6695686250198178, 0.3935789629453566, 0.3772825616161998, 0.31932818375951877, 0.26209879987608126, 0.26978695971694416, 0.24303471639873536, 0.20805966299239212, 0.18285693432378575, 0.15728830204504293, 0.16058985338947637, 0.12458750945099485, 0.13878822479609068, 0.11402374940916775, 0.1386473157783834, 0.08386352754584173, 0.06144498206326753, 0.061513482477909665, 0.05139639697423795, 0.031865138176268314, 0.0644342004896967, 0.03445375168590042, 0.03088809993904561, 0.0846899428143643, 0.04424284662430485]","[0.734959349593496, 0.7951219512195122, 0.8390243902439024, 0.8512195121951219, 0.8934959349593496, 0.8902439024390244, 0.9024390243902439, 0.9130081300813008, 0.9252032520325203, 0.9463414634146341, 0.9365853658536586, 0.9544715447154472, 0.948780487804878, 0.959349593495935, 0.943089430894309, 0.967479674796748, 0.9772357723577236, 0.9796747967479674, 0.9788617886178862, 0.989430894308943, 0.9764227642276423, 0.9902439024390244, 0.9853658536585366, 0.9723577235772358, 0.9829268292682927]","[0.7532467532467533, 0.7987012987012987, 0.8409090909090909, 0.801948051948052, 0.8993506493506493, 0.9123376623376623, 0.8993506493506493, 0.8538961038961039, 0.8571428571428571, 0.9285714285714286, 0.9448051948051948, 0.8961038961038961, 0.9415584415584416, 0.935064935064935, 0.9383116883116883, 0.9545454545454546, 0.9545454545454546, 0.948051948051948, 0.948051948051948, 0.9285714285714286, 0.9512987012987013, 0.9545454545454546, 0.9155844155844156, 0.935064935064935, 0.9155844155844156]",0.9155844155844156,[0.92105263],[0.1],[0.92105263]
0.005,16,0.4,"[0.6059518806818055, 0.3551171548482848, 0.33712229047848924, 0.2668979087859634, 0.2160847711005831, 0.22906370005471918, 0.1926794533322497, 0.1725026056412759, 0.14986790273247697, 0.12818405836578306, 0.12428701790125389, 0.11726284264851876, 0.07366398742831334, 0.08094153546281461, 0.07058798633402259, 0.13418114029166356, 0.05498205558926897, 0.04620691089497168, 0.05455074888328469, 0.05312163587498698, 0.03770272183900215, 0.01723598633226522, 0.016074027031152772, 0.08112366727365908, 0.028840507607390285]","[0.7390243902439024, 0.8398373983739837, 0.8585365853658536, 0.8861788617886179, 0.9195121951219513, 0.9211382113821138, 0.9317073170731708, 0.9365853658536586, 0.948780487804878, 0.9560975609756097, 0.9520325203252032, 0.9520325203252032, 0.9707317073170731, 0.9666666666666667, 0.9764227642276423, 0.9528455284552846, 0.9796747967479674, 0.9821138211382113, 0.9804878048780488, 0.9788617886178862, 0.9886178861788618, 0.9926829268292683, 0.9934959349593496, 0.967479674796748, 0.9910569105691057]","[0.8116883116883117, 0.8214285714285714, 0.8733766233766234, 0.8896103896103896, 0.9123376623376623, 0.775974025974026, 0.9188311688311688, 0.8733766233766234, 0.9415584415584416, 0.9415584415584416, 0.948051948051948, 0.9415584415584416, 0.948051948051948, 0.9383116883116883, 0.9285714285714286, 0.9383116883116883, 0.9512987012987013, 0.948051948051948, 0.935064935064935, 0.935064935064935, 0.9577922077922078, 0.948051948051948, 0.9058441558441559, 0.9415584415584416, 0.9448051948051948]",0.9448051948051948,[0.98684211],[0.175],[0.98684211]
0.005,32,0.1,"[1.053191191684909, 0.3928816828785873, 0.3499690328913976, 0.32023576895395917, 0.29361700875972346, 0.2516132835934802, 0.23239759953041386, 0.1793988724307316, 0.18597747768328443, 0.14135018201257155, 0.164425575878562, 0.10904224415620169, 0.09547315948620075, 0.07556812295584174, 0.05445579669582165, 0.05069042934877117, 0.05870205137606074, 0.06926712290179439, 0.04609893514373438, 0.022887416618565717, 0.016079211968462914, 0.03032987990711884, 0.028123128753746066, 0.03249058743893373, 0.015268422381543531]","[0.7178861788617886, 0.8032520325203252, 0.8252032520325203, 0.8471544715447155, 0.8707317073170732, 0.8975609756097561, 0.9032520325203252, 0.926829268292683, 0.9284552845528455, 0.9479674796747968, 0.9260162601626016, 0.9626016260162602, 0.9634146341463414, 0.9715447154471545, 0.9845528455284552, 0.9796747967479674, 0.9764227642276423, 0.9804878048780488, 0.9869918699186991, 0.991869918699187, 0.9926829268292683, 0.9869918699186991, 0.9910569105691057, 0.9853658536585366, 0.9959349593495935]","[0.7467532467532467, 0.75, 0.8344155844155844, 0.8506493506493507, 0.8636363636363636, 0.75, 0.7792207792207793, 0.8409090909090909, 0.9318181818181818, 0.9415584415584416, 0.922077922077922, 0.9448051948051948, 0.9318181818181818, 0.9188311688311688, 0.8928571428571429, 0.9383116883116883, 0.935064935064935, 0.8798701298701299, 0.9512987012987013, 0.9448051948051948, 0.9545454545454546, 0.9383116883116883, 0.9545454545454546, 0.9545454545454546, 0.948051948051948]",0.948051948051948,[0.98684211],[0.1625],[0.98684211]
0.005,32,0.2,"[0.6880019888160674, 0.3787447881407854, 0.331078419210465, 0.25934474516690265, 0.2898445097653846, 0.23141838094083275, 0.19868151971964332, 0.19768121930641858, 0.14236592282124652, 0.11368003062055848, 0.10722963373835494, 0.09460373714687378, 0.07751342176906462, 0.033852862065461106, 0.11353256517067188, 0.08100997963087346, 0.038772113460714255, 0.010589175512332741, 0.006755724039302128, 0.03637134913975994, 0.07834542323891983, 0.01658721371531123, 0.0045585106415163, 0.0012445554156632474, 0.0009638601819874825]","[0.7658536585365854, 0.8203252032520325, 0.8520325203252033, 0.8991869918699187, 0.8878048780487805, 0.9048780487804878, 0.9333333333333333, 0.9170731707317074, 0.9439024390243902, 0.9544715447154472, 0.9585365853658536, 0.9626016260162602, 0.9699186991869919, 0.9886178861788618, 0.9552845528455285, 0.9691056910569106, 0.9845528455284552, 0.9967479674796748, 0.9983739837398374, 0.9869918699186991, 0.9707317073170731, 0.9934959349593496, 0.9991869918699187, 1.0, 1.0]","[0.7727272727272727, 0.775974025974026, 0.8668831168831169, 0.8831168831168831, 0.9058441558441559, 0.9090909090909091, 0.9188311688311688, 0.9025974025974026, 0.9188311688311688, 0.9577922077922078, 0.9545454545454546, 0.9383116883116883, 0.9383116883116883, 0.9383116883116883, 0.9123376623376623, 0.9155844155844156, 0.948051948051948, 0.9545454545454546, 0.9318181818181818, 0.9285714285714286, 0.9545454545454546, 0.9642857142857143, 0.948051948051948, 0.9577922077922078, 0.9545454545454546]",0.9545454545454546,[0.96052632],[0.0625],[0.96052632]
0.005,32,0.3,"[0.757215469009508, 0.36149701480943014, 0.3235299105082101, 0.2735694948735276, 0.23481811073616268, 0.23725611300972418, 0.21796955371775278, 0.15858094214908475, 0.1543511410917693, 0.12697819568277374, 0.15393909841049008, 0.08942011529049737, 0.10883081880042224, 0.06938147266221241, 0.06556426905156151, 0.05839280151436484, 0.05448472889034244, 0.027287739254837115, 0.0253334765654716, 0.04499180633991169, 0.048475960690179856, 0.06488063107055377, 0.03226021894715666, 0.024340627519735626, 0.03328665525962909]","[0.740650406504065, 0.8341463414634146, 0.8390243902439024, 0.8747967479674796, 0.9073170731707317, 0.9008130081300812, 0.9154471544715447, 0.9406504065040651, 0.9365853658536586, 0.948780487804878, 0.9455284552845529, 0.9658536585365853, 0.9577235772357724, 0.9723577235772358, 0.973170731707317, 0.9788617886178862, 0.9804878048780488, 0.9902439024390244, 0.9910569105691057, 0.9829268292682927, 0.983739837398374, 0.973170731707317, 0.9902439024390244, 0.9934959349593496, 0.9869918699186991]","[0.7597402597402597, 0.8181818181818182, 0.8441558441558441, 0.8798701298701299, 0.8668831168831169, 0.8344155844155844, 0.9318181818181818, 0.827922077922078, 0.9090909090909091, 0.922077922077922, 0.9253246753246753, 0.9058441558441559, 0.935064935064935, 0.935064935064935, 0.948051948051948, 0.9155844155844156, 0.9025974025974026, 0.9675324675324676, 0.9545454545454546, 0.9253246753246753, 0.9448051948051948, 0.948051948051948, 0.935064935064935, 0.9577922077922078, 0.9318181818181818]",0.9318181818181818,[0.93859649],[0.0875],[0.93859649]
0.005,32,0.4,"[0.7367281924418317, 0.3737615587023216, 0.2817072122319927, 0.2883530516934589, 0.24564537313895496, 0.19766191835325908, 0.16256069883825333, 0.12892891466617584, 0.1268811938481602, 0.12470508077280308, 0.09400597540585975, 0.07678540336664735, 0.06725166525646317, 0.05888934646680103, 0.10320511512397751, 0.03838747927116427, 0.06365823874446919, 0.023370030637436767, 0.023106046749479553, 0.02522666430653535, 0.05967514931671018, 0.03991234531414097, 0.015618183340392704, 0.01476678652934942, 0.010512429980629283]","[0.7317073170731707, 0.8341463414634146, 0.8902439024390244, 0.8829268292682927, 0.8975609756097561, 0.9252032520325203, 0.9382113821138212, 0.9504065040650407, 0.9577235772357724, 0.9504065040650407, 0.9577235772357724, 0.973170731707317, 0.9764227642276423, 0.9804878048780488, 0.9601626016260163, 0.9804878048780488, 0.975609756097561, 0.991869918699187, 0.9951219512195122, 0.9910569105691057, 0.9772357723577236, 0.983739837398374, 0.9943089430894309, 0.9951219512195122, 0.9975609756097561]","[0.7532467532467533, 0.7727272727272727, 0.8798701298701299, 0.775974025974026, 0.8863636363636364, 0.9058441558441559, 0.9123376623376623, 0.9155844155844156, 0.9058441558441559, 0.9285714285714286, 0.9415584415584416, 0.9318181818181818, 0.9512987012987013, 0.8246753246753247, 0.9253246753246753, 0.9383116883116883, 0.948051948051948, 0.9448051948051948, 0.9707792207792207, 0.8928571428571429, 0.9512987012987013, 0.948051948051948, 0.961038961038961, 0.9545454545454546, 0.9253246753246753]",0.9253246753246753,[0.99561404],[0.275],[0.99561404]
0.005,64,0.1,"[1.2413743559422532, 0.3982201562664373, 0.3710992061752614, 0.3186750171630363, 0.2848951332937411, 0.2565419585724187, 0.2363923574608516, 0.1847128861318759, 0.19330814819994982, 0.1784040589158128, 0.161306084753052, 0.15281802736283318, 0.10677478044498258, 0.08369170776227626, 0.061227970128136924, 0.05567683124142449, 0.04138088347466012, 0.11496274984343265, 0.06792197838062193, 0.03158190281895118, 0.06461595805679879, 0.026292913318498104, 0.03478074065765472, 0.01492907049482673, 0.008936553217500932]","[0.7138211382113822, 0.7886178861788617, 0.8300813008130081, 0.865040650406504, 0.8699186991869918, 0.8878048780487805, 0.9073170731707317, 0.9308943089430894, 0.9243902439024391, 0.9300813008130081, 0.926829268292683, 0.9439024390243902, 0.9617886178861789, 0.9707317073170731, 0.9804878048780488, 0.9788617886178862, 0.989430894308943, 0.9544715447154472, 0.9788617886178862, 0.9869918699186991, 0.9764227642276423, 0.991869918699187, 0.989430894308943, 0.9959349593495935, 0.9975609756097561]","[0.75, 0.788961038961039, 0.827922077922078, 0.8409090909090909, 0.7954545454545454, 0.8928571428571429, 0.9123376623376623, 0.8831168831168831, 0.9058441558441559, 0.775974025974026, 0.9318181818181818, 0.9253246753246753, 0.935064935064935, 0.9188311688311688, 0.8831168831168831, 0.935064935064935, 0.8993506493506493, 0.9155844155844156, 0.961038961038961, 0.9285714285714286, 0.935064935064935, 0.8798701298701299, 0.948051948051948, 0.9415584415584416, 0.9577922077922078]",0.9577922077922078,[0.98684211],[0.125],[0.98684211]
0.005,64,0.2,"[0.9601949782875495, 0.40732888894352487, 0.3350445631558333, 0.295075112532794, 0.2599078936305472, 0.2620853385305017, 0.20546428483676135, 0.22199316980635247, 0.17582438246203147, 0.14101383463153994, 0.12764813267603153, 0.11583935928538563, 0.08526135893553738, 0.06647476282243321, 0.06314109425416323, 0.08267849376046561, 0.0414115003560011, 0.040825442405705285, 0.04380096346139908, 0.03165940912213267, 0.04094439202813598, 0.05186401356041916, 0.06521834060398302, 0.041909003693883014, 0.1396547876783018]","[0.7357723577235772, 0.7959349593495935, 0.8406504065040651, 0.8780487804878049, 0.8926829268292683, 0.8886178861788618, 0.9195121951219513, 0.9113821138211382, 0.9284552845528455, 0.9414634146341463, 0.9512195121951219, 0.9552845528455285, 0.9691056910569106, 0.9764227642276423, 0.973170731707317, 0.9699186991869919, 0.9869918699186991, 0.9869918699186991, 0.9853658536585366, 0.989430894308943, 0.9845528455284552, 0.9821138211382113, 0.9747967479674797, 0.983739837398374, 0.9520325203252032]","[0.7532467532467533, 0.788961038961039, 0.8376623376623377, 0.8863636363636364, 0.7792207792207793, 0.9090909090909091, 0.8214285714285714, 0.8928571428571429, 0.9285714285714286, 0.9448051948051948, 0.922077922077922, 0.935064935064935, 0.9155844155844156, 0.8993506493506493, 0.9025974025974026, 0.948051948051948, 0.9383116883116883, 0.9577922077922078, 0.9448051948051948, 0.9512987012987013, 0.9318181818181818, 0.9415584415584416, 0.9415584415584416, 0.8928571428571429, 0.9383116883116883]",0.9383116883116883,[1.],[0.2375],[1.]
0.005,64,0.3,"[1.0957005213915818, 0.4383414268978243, 0.39515292596041673, 0.34518328900259687, 0.3252876357334416, 0.30735764663393905, 0.273643773648797, 0.23539040367293165, 0.2577170198041249, 0.21048081173160213, 0.192250361953809, 0.15820737982668528, 0.14934214394751602, 0.13041924267280391, 0.14099902040590115, 0.09324578071028236, 0.09491454055154226, 0.11505445854329481, 0.08088506870274621, 0.09193950099189108, 0.1649287711192922, 0.083161132534345, 0.06014493028860449, 0.07010098491015473, 0.03152449804592908]","[0.6926829268292682, 0.7739837398373983, 0.7967479674796748, 0.8260162601626017, 0.8560975609756097, 0.8569105691056911, 0.8861788617886179, 0.9016260162601626, 0.8959349593495934, 0.9154471544715447, 0.932520325203252, 0.9357723577235773, 0.9439024390243902, 0.9520325203252032, 0.9422764227642276, 0.967479674796748, 0.9658536585365853, 0.9552845528455285, 0.9747967479674797, 0.9707317073170731, 0.9382113821138212, 0.9715447154471545, 0.9788617886178862, 0.9788617886178862, 0.9869918699186991]","[0.75, 0.7532467532467533, 0.7954545454545454, 0.7532467532467533, 0.8376623376623377, 0.7532467532467533, 0.8668831168831169, 0.775974025974026, 0.814935064935065, 0.9123376623376623, 0.9415584415584416, 0.9155844155844156, 0.8603896103896104, 0.9285714285714286, 0.935064935064935, 0.9155844155844156, 0.9448051948051948, 0.9512987012987013, 0.9285714285714286, 0.9188311688311688, 0.9253246753246753, 0.9545454545454546, 0.9285714285714286, 0.9512987012987013, 0.9253246753246753]",0.9253246753246753,[0.92982456],[0.0875],[0.92982456]
0.005,64,0.4,"[1.1070554612128716, 0.4195031501413361, 0.3708334603445317, 0.32341053379260426, 0.29711237011886227, 0.2817046581487346, 0.2570387749289109, 0.22927699471876872, 0.21282332314223779, 0.1752384878392142, 0.15790546429835683, 0.15324616679331152, 0.22130539846129535, 0.13785470415785062, 0.11378094127507714, 0.1213185883149868, 0.10585026864598437, 0.09011207479165821, 0.06769356577301291, 0.06477701189980759, 0.046815946007647165, 0.031567104390966216, 0.037708833571371995, 0.08311710343128298, 0.039504967451216726]","[0.7048780487804878, 0.7764227642276422, 0.8170731707317073, 0.848780487804878, 0.8715447154471545, 0.8739837398373984, 0.8967479674796748, 0.908130081300813, 0.9065040650406504, 0.9211382113821138, 0.9414634146341463, 0.9341463414634147, 0.9105691056910569, 0.9455284552845529, 0.959349593495935, 0.9552845528455285, 0.9560975609756097, 0.9642276422764228, 0.973170731707317, 0.9780487804878049, 0.9853658536585366, 0.9853658536585366, 0.9853658536585366, 0.9650406504065041, 0.9845528455284552]","[0.6883116883116883, 0.7987012987012987, 0.827922077922078, 0.8636363636363636, 0.775974025974026, 0.762987012987013, 0.814935064935065, 0.9155844155844156, 0.8441558441558441, 0.9188311688311688, 0.8733766233766234, 0.8896103896103896, 0.8831168831168831, 0.9415584415584416, 0.9545454545454546, 0.9448051948051948, 0.9545454545454546, 0.9383116883116883, 0.9318181818181818, 0.9415584415584416, 0.948051948051948, 0.9545454545454546, 0.8766233766233766, 0.948051948051948, 0.9383116883116883]",0.9383116883116883,[0.95614035],[0.1125],[0.95614035]
0.005,128,0.1,"[1.356908753877733, 0.42931915657307074, 0.3960261679761778, 0.36182965330961275, 0.3323960120600413, 0.31260352146819353, 0.2836984117341235, 0.2704139354510036, 0.2302423177695856, 0.20980266732413594, 0.16845052627528587, 0.1391501389867891, 0.14130353307336327, 0.1447403799833321, 0.09318942650546873, 0.08451708745423371, 0.05480501957055999, 0.05425986658509185, 0.09210340131104477, 0.07144210343438435, 0.03361655602731356, 0.04036379452885651, 0.03480178610823019, 0.0272760632319179, 0.021668009735961877]","[0.7032520325203252, 0.7642276422764228, 0.7772357723577236, 0.802439024390244, 0.8585365853658536, 0.8634146341463415, 0.875609756097561, 0.8878048780487805, 0.9032520325203252, 0.9170731707317074, 0.9292682926829269, 0.9455284552845529, 0.9439024390243902, 0.9382113821138212, 0.9666666666666667, 0.967479674796748, 0.9821138211382113, 0.9788617886178862, 0.9650406504065041, 0.973170731707317, 0.989430894308943, 0.983739837398374, 0.9861788617886179, 0.9886178861788618, 0.9934959349593496]","[0.7402597402597403, 0.7532467532467533, 0.7662337662337663, 0.8246753246753247, 0.8116883116883117, 0.8116883116883117, 0.7142857142857143, 0.8571428571428571, 0.8863636363636364, 0.9058441558441559, 0.8051948051948052, 0.935064935064935, 0.7922077922077922, 0.9512987012987013, 0.9318181818181818, 0.9383116883116883, 0.9415584415584416, 0.9123376623376623, 0.9512987012987013, 0.9285714285714286, 0.961038961038961, 0.8993506493506493, 0.948051948051948, 0.961038961038961, 0.9415584415584416]",0.9415584415584416,[0.98684211],[0.1875],[0.98684211]
0.005,128,0.2,"[1.1926740753456828, 0.5187742103890675, 0.37688055314668795, 0.3502770210184702, 0.3342477105012754, 0.31262490424683426, 0.28797366328355745, 0.269960992656103, 0.2296933297703906, 0.22717147438022178, 0.20831810427390463, 0.18332555180158072, 0.1444306778592792, 0.12138142755361107, 0.11631379912539226, 0.0842641852735504, 0.08705158616469158, 0.06894473750901416, 0.054784745353508774, 0.058972738307666, 0.047644992657308656, 0.042237728585799536, 0.08594416886931512, 0.048691766606113775, 0.056118819032742726]","[0.7178861788617886, 0.7878048780487805, 0.8333333333333334, 0.8365853658536585, 0.8455284552845529, 0.8609756097560975, 0.8691056910569106, 0.8869918699186992, 0.9024390243902439, 0.9097560975609756, 0.9203252032520325, 0.9292682926829269, 0.948780487804878, 0.9658536585365853, 0.9658536585365853, 0.973170731707317, 0.9682926829268292, 0.9764227642276423, 0.9804878048780488, 0.9804878048780488, 0.9845528455284552, 0.9878048780487805, 0.9658536585365853, 0.9796747967479674, 0.9772357723577236]","[0.7402597402597403, 0.7824675324675324, 0.8181818181818182, 0.814935064935065, 0.8311688311688312, 0.814935064935065, 0.8246753246753247, 0.8733766233766234, 0.8798701298701299, 0.8246753246753247, 0.9188311688311688, 0.8993506493506493, 0.9285714285714286, 0.9155844155844156, 0.9090909090909091, 0.9123376623376623, 0.8896103896103896, 0.9123376623376623, 0.8733766233766234, 0.9090909090909091, 0.9415584415584416, 0.8668831168831169, 0.9058441558441559, 0.9577922077922078, 0.935064935064935]",0.935064935064935,[0.98684211],[0.2125],[0.98684211]
0.005,128,0.3,"[1.4782733199073048, 0.572229074850315, 0.45138185150255034, 0.41822541380316264, 0.3982470753231669, 0.35901251658191524, 0.3371319776143485, 0.3125136086611244, 0.29512526247559523, 0.29723927000673805, 0.2645830063315911, 0.2583821325040445, 0.22188059491355244, 0.20281645859160075, 0.21205302467191123, 0.1757732727905599, 0.1703168909966461, 0.14323003321159178, 0.1740755119459416, 0.12197241829178197, 0.0810727846574008, 0.07717480617083185, 0.06748646687928254, 0.06241960165704169, 0.08474877903131935]","[0.6455284552845528, 0.7634146341463415, 0.7666666666666667, 0.7804878048780488, 0.7902439024390244, 0.8292682926829268, 0.8455284552845529, 0.8626016260162601, 0.8853658536585366, 0.8723577235772357, 0.8821138211382114, 0.8902439024390244, 0.9113821138211382, 0.9097560975609756, 0.9138211382113821, 0.926829268292683, 0.9292682926829269, 0.9528455284552846, 0.9292682926829269, 0.9544715447154472, 0.9715447154471545, 0.9723577235772358, 0.9788617886178862, 0.9764227642276423, 0.9682926829268292]","[0.7402597402597403, 0.7305194805194806, 0.7402597402597403, 0.75, 0.8116883116883117, 0.827922077922078, 0.801948051948052, 0.8409090909090909, 0.8246753246753247, 0.8538961038961039, 0.8214285714285714, 0.8603896103896104, 0.8798701298701299, 0.8051948051948052, 0.8896103896103896, 0.9253246753246753, 0.9253246753246753, 0.935064935064935, 0.9415584415584416, 0.9318181818181818, 0.9448051948051948, 0.9318181818181818, 0.9545454545454546, 0.9383116883116883, 0.9318181818181818]",0.9318181818181818,[0.96052632],[0.15],[0.96052632]
0.005,128,0.4,"[1.7090000991898824, 0.5407240158174096, 0.4548142006726769, 0.441919082451642, 0.4288964871953173, 0.408335600054361, 0.3805236453932475, 0.3490627440010629, 0.3294991817173919, 0.31352900160037406, 0.2990700508036265, 0.287672599495911, 0.27681305798573225, 0.252300217917295, 0.2191937470339178, 0.24418806918268282, 0.22527320365595624, 0.2007317505474013, 0.17073795037056372, 0.14147817051507594, 0.1312442859498466, 0.149338699986295, 0.11336436075408285, 0.08480290280488448, 0.08252459699060859]","[0.6520325203252032, 0.759349593495935, 0.7764227642276422, 0.7691056910569106, 0.7699186991869919, 0.7821138211382114, 0.8008130081300813, 0.8186991869918699, 0.8666666666666667, 0.8747967479674796, 0.8634146341463415, 0.8764227642276423, 0.8804878048780488, 0.8902439024390244, 0.9097560975609756, 0.8991869918699187, 0.9089430894308943, 0.9016260162601626, 0.9390243902439024, 0.9495934959349593, 0.9479674796747968, 0.9495934959349593, 0.9634146341463414, 0.9715447154471545, 0.9715447154471545]","[0.7402597402597403, 0.7532467532467533, 0.7824675324675324, 0.7532467532467533, 0.762987012987013, 0.762987012987013, 0.7597402597402597, 0.814935064935065, 0.8246753246753247, 0.8474025974025974, 0.8636363636363636, 0.8863636363636364, 0.8701298701298701, 0.9025974025974026, 0.814935064935065, 0.8896103896103896, 0.8831168831168831, 0.9318181818181818, 0.9155844155844156, 0.922077922077922, 0.7207792207792207, 0.8961038961038961, 0.961038961038961, 0.8084415584415584, 0.935064935064935]",0.935064935064935,[0.93859649],[0.075],[0.93859649]
